cell_id,cell_type,lineage,level_1,level_2,level_3,level_4,level_5
CL:0000788,naive B cell,"['mature B cell', 'professional antigen presenting cell', 'leukocyte', 'motile cell', 'native cell', 'cell']",leukocyte,leukocyte,leukocyte,,
CL:0000970,unswitched memory B cell,"['memory B cell', 'mature B cell', 'professional antigen presenting cell', 'leukocyte', 'motile cell', 'native cell', 'cell']",memory B cell,leukocyte,leukocyte,leukocyte,
CL:0000972,class switched memory B cell,"['memory B cell', 'mature B cell', 'professional antigen presenting cell', 'leukocyte', 'motile cell', 'native cell', 'cell']",memory B cell,leukocyte,leukocyte,leukocyte,
CL:0000786,plasma cell,"['antibody secreting cell', 'lymphocyte of B lineage', 'lymphocyte', 'mononuclear cell', 'single nucleate cell', 'nucleate cell', 'native cell', 'cell']",lymphocyte,lymphocyte,lymphocyte,,
CL:0000817,precursor B cell,"['B cell, CD19-positive', 'B cell', 'lymphocyte of B lineage', 'lymphocyte', 'mononuclear cell', 'single nucleate cell', 'nucleate cell', 'native cell', 'cell']",B cell,B cell,lymphocyte,lymphocyte,
CL:0000939,"CD16-positive, CD56-dim natural killer cell, human","['mature natural killer cell', 'natural killer cell', 'group 1 innate lymphoid cell', 'innate lymphoid cell', 'lymphocyte', 'mononuclear cell', 'single nucleate cell', 'nucleate cell', 'native cell', 'cell']",natural killer cell,natural killer cell,innate lymphoid cell,innate lymphoid cell,lymphocyte
CL:0000907,"central memory CD8-positive, alpha-beta T cell","['CD8-positive, alpha-beta memory T cell, CD45RO-positive', 'CD8-positive, alpha-beta memory T cell', 'CD8-positive, alpha-beta T cell', 'mature alpha-beta T cell', 'alpha-beta T cell', 'T cell', 'lymphocyte', 'mononuclear cell', 'single nucleate cell', 'nucleate cell', 'native cell', 'cell']",mature alpha-beta T cell,mature alpha-beta T cell,mature alpha-beta T cell,mature alpha-beta T cell,T cell
CL:0000826,pro-B cell,"['lymphoid lineage restricted progenitor cell', 'hematopoietic lineage restricted progenitor cell', 'hematopoietic precursor cell', 'hematopoietic cell', 'animal cell', 'eukaryotic cell', 'native cell', 'cell']",hematopoietic lineage restricted progenitor cell,hematopoietic lineage restricted progenitor cell,hematopoietic precursor cell,hematopoietic cell,
CL:0000913,"effector memory CD8-positive, alpha-beta T cell","['CD8-positive, alpha-beta memory T cell, CD45RO-positive', 'CD8-positive, alpha-beta memory T cell', 'CD8-positive, alpha-beta T cell', 'mature alpha-beta T cell', 'alpha-beta T cell', 'T cell', 'lymphocyte', 'mononuclear cell', 'single nucleate cell', 'nucleate cell', 'native cell', 'cell']",mature alpha-beta T cell,mature alpha-beta T cell,mature alpha-beta T cell,mature alpha-beta T cell,T cell
CL:0000909,"CD8-positive, alpha-beta memory T cell","['CD8-positive, alpha-beta T cell', 'mature alpha-beta T cell', 'alpha-beta T cell', 'T cell', 'lymphocyte', 'mononuclear cell', 'single nucleate cell', 'nucleate cell', 'native cell', 'cell']",mature alpha-beta T cell,mature alpha-beta T cell,T cell,T cell,lymphocyte
CL:0000897,"CD4-positive, alpha-beta memory T cell","['CD4-positive, alpha-beta T cell', 'mature alpha-beta T cell', 'alpha-beta T cell', 'T cell', 'lymphocyte', 'mononuclear cell', 'single nucleate cell', 'nucleate cell', 'native cell', 'cell']",mature alpha-beta T cell,mature alpha-beta T cell,T cell,T cell,lymphocyte
CL:0000816,immature B cell,"['B cell, CD19-positive', 'B cell', 'lymphocyte of B lineage', 'lymphocyte', 'mononuclear cell', 'single nucleate cell', 'nucleate cell', 'native cell', 'cell']",B cell,B cell,lymphocyte,lymphocyte,
CL:0000938,"CD16-negative, CD56-bright natural killer cell, human","['mature natural killer cell', 'natural killer cell', 'group 1 innate lymphoid cell', 'innate lymphoid cell', 'lymphocyte', 'mononuclear cell', 'single nucleate cell', 'nucleate cell', 'native cell', 'cell']",natural killer cell,natural killer cell,innate lymphoid cell,innate lymphoid cell,lymphocyte
CL:0000798,gamma-delta T cell,"['T cell', 'lymphocyte', 'mononuclear cell', 'single nucleate cell', 'nucleate cell', 'native cell', 'cell']",T cell,lymphocyte,,,
CL:0000900,"naive thymus-derived CD8-positive, alpha-beta T cell","['CD8-positive, alpha-beta T cell', 'mature alpha-beta T cell', 'alpha-beta T cell', 'T cell', 'lymphocyte', 'mononuclear cell', 'single nucleate cell', 'nucleate cell', 'native cell', 'cell']",mature alpha-beta T cell,mature alpha-beta T cell,T cell,T cell,lymphocyte
CL:0000787,memory B cell,"['mature B cell', 'professional antigen presenting cell', 'leukocyte', 'motile cell', 'native cell', 'cell']",leukocyte,leukocyte,leukocyte,,
CL:0000934,"CD4-positive, alpha-beta cytotoxic T cell","['CD4-positive, alpha-beta T cell', 'mature alpha-beta T cell', 'alpha-beta T cell', 'T cell', 'lymphocyte', 'mononuclear cell', 'single nucleate cell', 'nucleate cell', 'native cell', 'cell']",mature alpha-beta T cell,mature alpha-beta T cell,T cell,T cell,lymphocyte
CL:0000895,"naive thymus-derived CD4-positive, alpha-beta T cell","['CD4-positive, alpha-beta T cell', 'mature alpha-beta T cell', 'alpha-beta T cell', 'T cell', 'lymphocyte', 'mononuclear cell', 'single nucleate cell', 'nucleate cell', 'native cell', 'cell']",mature alpha-beta T cell,mature alpha-beta T cell,T cell,T cell,lymphocyte
CL:0000980,plasmablast,"['mature B cell', 'professional antigen presenting cell', 'leukocyte', 'motile cell', 'native cell', 'cell']",leukocyte,leukocyte,leukocyte,,
CL:0002045,fraction A pre-pro B cell,"['pro-B cell', 'lymphoid lineage restricted progenitor cell', 'hematopoietic lineage restricted progenitor cell', 'hematopoietic precursor cell', 'hematopoietic cell', 'animal cell', 'eukaryotic cell', 'native cell', 'cell']",hematopoietic lineage restricted progenitor cell,hematopoietic lineage restricted progenitor cell,hematopoietic lineage restricted progenitor cell,hematopoietic precursor cell,hematopoietic cell
CL:0000954,small pre-B-II cell,"['pre-B-II cell', 'precursor B cell', 'B cell, CD19-positive', 'B cell', 'lymphocyte of B lineage', 'lymphocyte', 'mononuclear cell', 'single nucleate cell', 'nucleate cell', 'native cell', 'cell']",B cell,B cell,B cell,B cell,lymphocyte
CL:0000937,pre-natural killer cell,"['natural killer cell', 'group 1 innate lymphoid cell', 'innate lymphoid cell', 'lymphocyte', 'mononuclear cell', 'single nucleate cell', 'nucleate cell', 'native cell', 'cell']",natural killer cell,innate lymphoid cell,innate lymphoid cell,lymphocyte,
CL:0000789,alpha-beta T cell,"['T cell', 'lymphocyte', 'mononuclear cell', 'single nucleate cell', 'nucleate cell', 'native cell', 'cell']",T cell,lymphocyte,,,
CL:0000542,lymphocyte,"['mononuclear cell', 'single nucleate cell', 'nucleate cell', 'native cell', 'cell']",,,,,
CL:0000785,mature B cell,"['professional antigen presenting cell', 'leukocyte', 'motile cell', 'native cell', 'cell']",leukocyte,leukocyte,,,
CL:0000906,"activated CD8-positive, alpha-beta T cell","['CD8-positive, alpha-beta T cell', 'mature alpha-beta T cell', 'alpha-beta T cell', 'T cell', 'lymphocyte', 'mononuclear cell', 'single nucleate cell', 'nucleate cell', 'native cell', 'cell']",mature alpha-beta T cell,mature alpha-beta T cell,T cell,T cell,lymphocyte
CL:0000896,"activated CD4-positive, alpha-beta T cell","['CD4-positive, alpha-beta T cell', 'mature alpha-beta T cell', 'alpha-beta T cell', 'T cell', 'lymphocyte', 'mononuclear cell', 'single nucleate cell', 'nucleate cell', 'native cell', 'cell']",mature alpha-beta T cell,mature alpha-beta T cell,T cell,T cell,lymphocyte
CL:0000940,mucosal invariant T cell,"['mature alpha-beta T cell', 'alpha-beta T cell', 'T cell', 'lymphocyte', 'mononuclear cell', 'single nucleate cell', 'nucleate cell', 'native cell', 'cell']",mature alpha-beta T cell,T cell,T cell,lymphocyte,
CL:0000905,"effector memory CD4-positive, alpha-beta T cell","['CD4-positive, alpha-beta memory T cell, CD45RO-positive', 'CD4-positive, alpha-beta memory T cell', 'CD4-positive, alpha-beta T cell', 'mature alpha-beta T cell', 'alpha-beta T cell', 'T cell', 'lymphocyte', 'mononuclear cell', 'single nucleate cell', 'nucleate cell', 'native cell', 'cell']",mature alpha-beta T cell,mature alpha-beta T cell,mature alpha-beta T cell,mature alpha-beta T cell,T cell
CL:0000987,IgA plasma cell,"['long lived plasma cell', 'plasma cell', 'antibody secreting cell', 'lymphocyte of B lineage', 'lymphocyte', 'mononuclear cell', 'single nucleate cell', 'nucleate cell', 'native cell', 'cell']",plasma cell,plasma cell,lymphocyte,lymphocyte,lymphocyte
CL:0000985,IgG plasma cell,"['long lived plasma cell', 'plasma cell', 'antibody secreting cell', 'lymphocyte of B lineage', 'lymphocyte', 'mononuclear cell', 'single nucleate cell', 'nucleate cell', 'native cell', 'cell']",plasma cell,plasma cell,lymphocyte,lymphocyte,lymphocyte
CL:0001043,"activated CD4-positive, alpha-beta T cell, human","['activated CD4-positive, alpha-beta T cell', 'CD4-positive, alpha-beta T cell', 'mature alpha-beta T cell', 'alpha-beta T cell', 'T cell', 'lymphocyte', 'mononuclear cell', 'single nucleate cell', 'nucleate cell', 'native cell', 'cell']",mature alpha-beta T cell,mature alpha-beta T cell,mature alpha-beta T cell,T cell,T cell
CL:0002038,T follicular helper cell,"['CD4-positive helper T cell', 'CD4-positive, alpha-beta T cell', 'mature alpha-beta T cell', 'alpha-beta T cell', 'T cell', 'lymphocyte', 'mononuclear cell', 'single nucleate cell', 'nucleate cell', 'native cell', 'cell']",mature alpha-beta T cell,mature alpha-beta T cell,mature alpha-beta T cell,T cell,T cell
CL:0001050,"effector CD8-positive, alpha-beta T cell","['CD8-positive, alpha-beta T cell', 'mature alpha-beta T cell', 'alpha-beta T cell', 'T cell', 'lymphocyte', 'mononuclear cell', 'single nucleate cell', 'nucleate cell', 'native cell', 'cell']",mature alpha-beta T cell,mature alpha-beta T cell,T cell,T cell,lymphocyte
CL:0000796,"CD8-alpha-beta-positive, alpha-beta intraepithelial T cell","['alpha-beta intraepithelial T cell', 'mature alpha-beta T cell', 'alpha-beta T cell', 'T cell', 'lymphocyte', 'mononuclear cell', 'single nucleate cell', 'nucleate cell', 'native cell', 'cell']",mature alpha-beta T cell,mature alpha-beta T cell,T cell,T cell,lymphocyte
CL:0000843,follicular B cell,"['B-2 B cell', 'mature B cell', 'professional antigen presenting cell', 'leukocyte', 'motile cell', 'native cell', 'cell']",leukocyte,leukocyte,leukocyte,leukocyte,
CL:0000811,"CD8-positive, alpha-beta thymocyte","['immature alpha-beta T cell', 'alpha-beta T cell', 'T cell', 'lymphocyte', 'mononuclear cell', 'single nucleate cell', 'nucleate cell', 'native cell', 'cell']",T cell,T cell,T cell,lymphocyte,
CL:2000006,tonsil germinal center B cell,"['germinal center B cell', 'mature B cell', 'professional antigen presenting cell', 'leukocyte', 'motile cell', 'native cell', 'cell']",leukocyte,leukocyte,leukocyte,leukocyte,
CL:0000794,"CD8-positive, alpha-beta cytotoxic T cell","['CD8-positive, alpha-beta T cell', 'mature alpha-beta T cell', 'alpha-beta T cell', 'T cell', 'lymphocyte', 'mononuclear cell', 'single nucleate cell', 'nucleate cell', 'native cell', 'cell']",mature alpha-beta T cell,mature alpha-beta T cell,T cell,T cell,lymphocyte
CL:0000492,CD4-positive helper T cell,"['CD4-positive, alpha-beta T cell', 'mature alpha-beta T cell', 'alpha-beta T cell', 'T cell', 'lymphocyte', 'mononuclear cell', 'single nucleate cell', 'nucleate cell', 'native cell', 'cell']",mature alpha-beta T cell,mature alpha-beta T cell,T cell,T cell,lymphocyte
CL:0009111,centrocyte,"['germinal center B cell', 'mature B cell', 'professional antigen presenting cell', 'leukocyte', 'motile cell', 'native cell', 'cell']",leukocyte,leukocyte,leukocyte,leukocyte,
CL:0009112,centroblast,"['germinal center B cell', 'mature B cell', 'professional antigen presenting cell', 'leukocyte', 'motile cell', 'native cell', 'cell']",leukocyte,leukocyte,leukocyte,leukocyte,
CL:0000904,"central memory CD4-positive, alpha-beta T cell","['CD4-positive, alpha-beta memory T cell, CD45RO-positive', 'CD4-positive, alpha-beta memory T cell', 'CD4-positive, alpha-beta T cell', 'mature alpha-beta T cell', 'alpha-beta T cell', 'T cell', 'lymphocyte', 'mononuclear cell', 'single nucleate cell', 'nucleate cell', 'native cell', 'cell']",mature alpha-beta T cell,mature alpha-beta T cell,mature alpha-beta T cell,mature alpha-beta T cell,T cell
CL:0009113,T follicular regulatory cell,"['regulatory T cell', 'mature T cell', 'T cell', 'lymphocyte', 'mononuclear cell', 'single nucleate cell', 'nucleate cell', 'native cell', 'cell']",regulatory T cell,mature T cell,T cell,lymphocyte,
CL:0001044,"effector CD4-positive, alpha-beta T cell","['CD4-positive, alpha-beta T cell', 'mature alpha-beta T cell', 'alpha-beta T cell', 'T cell', 'lymphocyte', 'mononuclear cell', 'single nucleate cell', 'nucleate cell', 'native cell', 'cell']",mature alpha-beta T cell,mature alpha-beta T cell,T cell,T cell,lymphocyte
CL:0002117,IgG-negative class switched memory B cell,"['class switched memory B cell', 'memory B cell', 'mature B cell', 'professional antigen presenting cell', 'leukocyte', 'motile cell', 'native cell', 'cell']",memory B cell,memory B cell,leukocyte,leukocyte,leukocyte
CL:0000979,IgG memory B cell,"['class switched memory B cell', 'memory B cell', 'mature B cell', 'professional antigen presenting cell', 'leukocyte', 'motile cell', 'native cell', 'cell']",memory B cell,memory B cell,leukocyte,leukocyte,leukocyte
CL:0000545,T-helper 1 cell,"['CD4-positive helper T cell', 'CD4-positive, alpha-beta T cell', 'mature alpha-beta T cell', 'alpha-beta T cell', 'T cell', 'lymphocyte', 'mononuclear cell', 'single nucleate cell', 'nucleate cell', 'native cell', 'cell']",mature alpha-beta T cell,mature alpha-beta T cell,mature alpha-beta T cell,T cell,T cell
CL:0000899,T-helper 17 cell,"['CD4-positive helper T cell', 'CD4-positive, alpha-beta T cell', 'mature alpha-beta T cell', 'alpha-beta T cell', 'T cell', 'lymphocyte', 'mononuclear cell', 'single nucleate cell', 'nucleate cell', 'native cell', 'cell']",mature alpha-beta T cell,mature alpha-beta T cell,mature alpha-beta T cell,T cell,T cell
CL:0000810,"CD4-positive, alpha-beta thymocyte","['immature alpha-beta T cell', 'alpha-beta T cell', 'T cell', 'lymphocyte', 'mononuclear cell', 'single nucleate cell', 'nucleate cell', 'native cell', 'cell']",T cell,T cell,T cell,lymphocyte,
CL:0000792,"CD4-positive, CD25-positive, alpha-beta regulatory T cell","['CD4-positive, alpha-beta T cell', 'mature alpha-beta T cell', 'alpha-beta T cell', 'T cell', 'lymphocyte', 'mononuclear cell', 'single nucleate cell', 'nucleate cell', 'native cell', 'cell']",mature alpha-beta T cell,mature alpha-beta T cell,T cell,T cell,lymphocyte
CL:0000802,"CD8-alpha alpha positive, gamma-delta intraepithelial T cell","['gamma-delta intraepithelial T cell', 'mature gamma-delta T cell', 'gamma-delta T cell', 'T cell', 'lymphocyte', 'mononuclear cell', 'single nucleate cell', 'nucleate cell', 'native cell', 'cell']",gamma-delta T cell,gamma-delta T cell,gamma-delta T cell,T cell,lymphocyte
CL:0000986,IgM plasma cell,"['long lived plasma cell', 'plasma cell', 'antibody secreting cell', 'lymphocyte of B lineage', 'lymphocyte', 'mononuclear cell', 'single nucleate cell', 'nucleate cell', 'native cell', 'cell']",plasma cell,plasma cell,lymphocyte,lymphocyte,lymphocyte
CL:0000818,transitional stage B cell,"['B cell, CD19-positive', 'B cell', 'lymphocyte of B lineage', 'lymphocyte', 'mononuclear cell', 'single nucleate cell', 'nucleate cell', 'native cell', 'cell']",B cell,B cell,lymphocyte,lymphocyte,
CL:0001049,"activated CD8-positive, alpha-beta T cell, human","['activated CD8-positive, alpha-beta T cell', 'CD8-positive, alpha-beta T cell', 'mature alpha-beta T cell', 'alpha-beta T cell', 'T cell', 'lymphocyte', 'mononuclear cell', 'single nucleate cell', 'nucleate cell', 'native cell', 'cell']",mature alpha-beta T cell,mature alpha-beta T cell,mature alpha-beta T cell,T cell,T cell
CL:0002489,double negative thymocyte,"['thymocyte', 'immature T cell', 'T cell', 'lymphocyte', 'mononuclear cell', 'single nucleate cell', 'nucleate cell', 'native cell', 'cell']",T cell,T cell,T cell,lymphocyte,
CL:0011025,exhausted T cell,"['effector T cell', 'mature T cell', 'T cell', 'lymphocyte', 'mononuclear cell', 'single nucleate cell', 'nucleate cell', 'native cell', 'cell']",mature T cell,mature T cell,T cell,lymphocyte,
CL:0000893,thymocyte,"['immature T cell', 'T cell', 'lymphocyte', 'mononuclear cell', 'single nucleate cell', 'nucleate cell', 'native cell', 'cell']",T cell,T cell,lymphocyte,,
CL:0002343,"decidual natural killer cell, human","['mature natural killer cell', 'natural killer cell', 'group 1 innate lymphoid cell', 'innate lymphoid cell', 'lymphocyte', 'mononuclear cell', 'single nucleate cell', 'nucleate cell', 'native cell', 'cell']",natural killer cell,natural killer cell,innate lymphoid cell,innate lymphoid cell,lymphocyte
CL:0000957,large pre-B-II cell,"['pre-B-II cell', 'precursor B cell', 'B cell, CD19-positive', 'B cell', 'lymphocyte of B lineage', 'lymphocyte', 'mononuclear cell', 'single nucleate cell', 'nucleate cell', 'native cell', 'cell']",B cell,B cell,B cell,B cell,lymphocyte
CL:0000821,B-1b B cell,"['B-1 B cell', 'mature B cell', 'professional antigen presenting cell', 'leukocyte', 'motile cell', 'native cell', 'cell']",leukocyte,leukocyte,leukocyte,leukocyte,
CL:0000956,pre-B-I cell,"['precursor B cell', 'B cell, CD19-positive', 'B cell', 'lymphocyte of B lineage', 'lymphocyte', 'mononuclear cell', 'single nucleate cell', 'nucleate cell', 'native cell', 'cell']",B cell,B cell,B cell,lymphocyte,lymphocyte
CL:0002048,late pro-B cell,"['precursor B cell', 'B cell, CD19-positive', 'B cell', 'lymphocyte of B lineage', 'lymphocyte', 'mononuclear cell', 'single nucleate cell', 'nucleate cell', 'native cell', 'cell']",B cell,B cell,B cell,lymphocyte,lymphocyte
CL:0000820,B-1a B cell,"['B-1 B cell', 'mature B cell', 'professional antigen presenting cell', 'leukocyte', 'motile cell', 'native cell', 'cell']",leukocyte,leukocyte,leukocyte,leukocyte,
CL:0000809,"double-positive, alpha-beta thymocyte","['immature alpha-beta T cell', 'alpha-beta T cell', 'T cell', 'lymphocyte', 'mononuclear cell', 'single nucleate cell', 'nucleate cell', 'native cell', 'cell']",T cell,T cell,T cell,lymphocyte,
CL:0000823,immature natural killer cell,"['natural killer cell', 'group 1 innate lymphoid cell', 'innate lymphoid cell', 'lymphocyte', 'mononuclear cell', 'single nucleate cell', 'nucleate cell', 'native cell', 'cell']",natural killer cell,innate lymphoid cell,innate lymphoid cell,lymphocyte,
CL:0000915,"CD8-alpha-alpha-positive, alpha-beta intraepithelial T cell","['alpha-beta intraepithelial T cell', 'mature alpha-beta T cell', 'alpha-beta T cell', 'T cell', 'lymphocyte', 'mononuclear cell', 'single nucleate cell', 'nucleate cell', 'native cell', 'cell']",mature alpha-beta T cell,mature alpha-beta T cell,T cell,T cell,lymphocyte
CL:0002677,naive regulatory T cell,"['CD4-positive, CD25-positive, alpha-beta regulatory T cell', 'CD4-positive, alpha-beta T cell', 'mature alpha-beta T cell', 'alpha-beta T cell', 'T cell', 'lymphocyte', 'mononuclear cell', 'single nucleate cell', 'nucleate cell', 'native cell', 'cell']",mature alpha-beta T cell,mature alpha-beta T cell,mature alpha-beta T cell,T cell,T cell
CL:0002678,memory regulatory T cell,"['CD4-positive, CD25-positive, alpha-beta regulatory T cell', 'CD4-positive, alpha-beta T cell', 'mature alpha-beta T cell', 'alpha-beta T cell', 'T cell', 'lymphocyte', 'mononuclear cell', 'single nucleate cell', 'nucleate cell', 'native cell', 'cell']",mature alpha-beta T cell,mature alpha-beta T cell,mature alpha-beta T cell,T cell,T cell
CL:0000903,natural T-regulatory cell,"['CD4-positive, CD25-positive, alpha-beta regulatory T cell', 'CD4-positive, alpha-beta T cell', 'mature alpha-beta T cell', 'alpha-beta T cell', 'T cell', 'lymphocyte', 'mononuclear cell', 'single nucleate cell', 'nucleate cell', 'native cell', 'cell']",mature alpha-beta T cell,mature alpha-beta T cell,mature alpha-beta T cell,T cell,T cell
CL:0000844,germinal center B cell,"['mature B cell', 'professional antigen presenting cell', 'leukocyte', 'motile cell', 'native cell', 'cell']",leukocyte,leukocyte,leukocyte,,
CL:0000822,B-2 B cell,"['mature B cell', 'professional antigen presenting cell', 'leukocyte', 'motile cell', 'native cell', 'cell']",leukocyte,leukocyte,leukocyte,,
CL:0000819,B-1 B cell,"['mature B cell', 'professional antigen presenting cell', 'leukocyte', 'motile cell', 'native cell', 'cell']",leukocyte,leukocyte,leukocyte,,
CL:0000908,"CD8-positive, alpha-beta cytokine secreting effector T cell","['CD8-positive, alpha-beta T cell', 'mature alpha-beta T cell', 'alpha-beta T cell', 'T cell', 'lymphocyte', 'mononuclear cell', 'single nucleate cell', 'nucleate cell', 'native cell', 'cell']",mature alpha-beta T cell,mature alpha-beta T cell,T cell,T cell,lymphocyte
CL:0000808,DN4 thymocyte,"['double negative thymocyte', 'thymocyte', 'immature T cell', 'T cell', 'lymphocyte', 'mononuclear cell', 'single nucleate cell', 'nucleate cell', 'native cell', 'cell']",T cell,T cell,T cell,T cell,lymphocyte
CL:0000807,DN3 thymocyte,"['double negative thymocyte', 'thymocyte', 'immature T cell', 'T cell', 'lymphocyte', 'mononuclear cell', 'single nucleate cell', 'nucleate cell', 'native cell', 'cell']",T cell,T cell,T cell,T cell,lymphocyte
CL:0000894,DN1 thymic pro-T cell,"['pro-T cell', 'lymphoid lineage restricted progenitor cell', 'hematopoietic lineage restricted progenitor cell', 'hematopoietic precursor cell', 'hematopoietic cell', 'animal cell', 'eukaryotic cell', 'native cell', 'cell']",hematopoietic lineage restricted progenitor cell,hematopoietic lineage restricted progenitor cell,hematopoietic lineage restricted progenitor cell,hematopoietic precursor cell,hematopoietic cell
CL:0000917,Tc1 cell,"['CD8-positive, alpha-beta cytokine secreting effector T cell', 'CD8-positive, alpha-beta T cell', 'mature alpha-beta T cell', 'alpha-beta T cell', 'T cell', 'lymphocyte', 'mononuclear cell', 'single nucleate cell', 'nucleate cell', 'native cell', 'cell']",mature alpha-beta T cell,mature alpha-beta T cell,mature alpha-beta T cell,T cell,T cell
CL:0000038,erythroid progenitor cell,"['erythroid lineage cell', 'myeloid cell', 'hematopoietic cell', 'animal cell', 'eukaryotic cell', 'native cell', 'cell']",erythroid lineage cell,myeloid cell,hematopoietic cell,,
CL:0000553,megakaryocyte progenitor cell,"['myeloid cell', 'hematopoietic cell', 'animal cell', 'eukaryotic cell', 'native cell', 'cell']",myeloid cell,hematopoietic cell,,,
CL:0000838,lymphoid lineage restricted progenitor cell,"['hematopoietic lineage restricted progenitor cell', 'hematopoietic precursor cell', 'hematopoietic cell', 'animal cell', 'eukaryotic cell', 'native cell', 'cell']",hematopoietic lineage restricted progenitor cell,hematopoietic precursor cell,hematopoietic cell,,
CL:0002028,basophil mast progenitor cell,"['myeloid cell', 'hematopoietic cell', 'animal cell', 'eukaryotic cell', 'native cell', 'cell']",myeloid cell,hematopoietic cell,,,
CL:0001029,common dendritic progenitor,"['myeloid cell', 'hematopoietic cell', 'animal cell', 'eukaryotic cell', 'native cell', 'cell']",myeloid cell,hematopoietic cell,,,
CL:0000050,megakaryocyte-erythroid progenitor cell,"['myeloid cell', 'hematopoietic cell', 'animal cell', 'eukaryotic cell', 'native cell', 'cell']",myeloid cell,hematopoietic cell,,,
CL:0000837,hematopoietic multipotent progenitor cell,"['hematopoietic precursor cell', 'hematopoietic cell', 'animal cell', 'eukaryotic cell', 'native cell', 'cell']",hematopoietic precursor cell,hematopoietic cell,,,
CL:0000557,granulocyte monocyte progenitor cell,"['myeloid cell', 'hematopoietic cell', 'animal cell', 'eukaryotic cell', 'native cell', 'cell']",myeloid cell,hematopoietic cell,,,
CL:0000936,early lymphoid progenitor,"['hematopoietic multipotent progenitor cell', 'hematopoietic precursor cell', 'hematopoietic cell', 'animal cell', 'eukaryotic cell', 'native cell', 'cell']",hematopoietic multipotent progenitor cell,hematopoietic precursor cell,hematopoietic cell,,
CL:0000049,common myeloid progenitor,"['hematopoietic oligopotent progenitor cell', 'hematopoietic precursor cell', 'hematopoietic cell', 'animal cell', 'eukaryotic cell', 'native cell', 'cell']",hematopoietic oligopotent progenitor cell,hematopoietic precursor cell,hematopoietic cell,,
CL:0000037,hematopoietic stem cell,"['somatic stem cell', 'stem cell', 'animal cell', 'eukaryotic cell', 'native cell', 'cell']",,,,,
CL:0000057,fibroblast,"['connective tissue cell', 'animal cell', 'eukaryotic cell', 'native cell', 'cell']",,,,,
CL:0002553,fibroblast of lung,"['fibroblast', 'connective tissue cell', 'animal cell', 'eukaryotic cell', 'native cell', 'cell']",fibroblast,,,,
CL:0002620,skin fibroblast,"['fibroblast', 'connective tissue cell', 'animal cell', 'eukaryotic cell', 'native cell', 'cell']",fibroblast,,,,
CL:0000186,myofibroblast cell,"['contractile cell', 'native cell', 'cell']",,,,,
CL:0002241,pulmonary interstitial fibroblast,"['fibroblast', 'connective tissue cell', 'animal cell', 'eukaryotic cell', 'native cell', 'cell']",fibroblast,,,,
CL:1000692,kidney interstitial fibroblast,"['fibroblast', 'connective tissue cell', 'animal cell', 'eukaryotic cell', 'native cell', 'cell']",fibroblast,,,,
CL:4023054,mesothelial fibroblast,"['fibroblast', 'connective tissue cell', 'animal cell', 'eukaryotic cell', 'native cell', 'cell']",fibroblast,,,,
CL:4028006,alveolar type 2 fibroblast cell,"['pulmonary interstitial fibroblast', 'fibroblast', 'connective tissue cell', 'animal cell', 'eukaryotic cell', 'native cell', 'cell']",fibroblast,fibroblast,,,
CL:2000093,bronchus fibroblast of lung,"['fibroblast of lung', 'fibroblast', 'connective tissue cell', 'animal cell', 'eukaryotic cell', 'native cell', 'cell']",fibroblast,fibroblast,,,
CL:1000305,fibroblast of connective tissue of glandular part of prostate,"['fibroblast', 'connective tissue cell', 'animal cell', 'eukaryotic cell', 'native cell', 'cell']",fibroblast,,,,
CL:1000304,fibroblast of connective tissue of nonglandular part of prostate,"['fibroblast', 'connective tissue cell', 'animal cell', 'eukaryotic cell', 'native cell', 'cell']",fibroblast,,,,
CL:0011027,skeletal muscle fibroblast,"['cell of skeletal muscle', 'somatic cell', 'native cell', 'cell']",,,,,
CL:4006000,fibroblast of breast,"['fibroblast', 'connective tissue cell', 'animal cell', 'eukaryotic cell', 'native cell', 'cell']",fibroblast,,,,
CL:0002548,fibroblast of cardiac tissue,"['fibroblast', 'connective tissue cell', 'animal cell', 'eukaryotic cell', 'native cell', 'cell']",fibroblast,,,,
CL:0009099,fibro/adipogenic progenitor cell,"['mesenchymal cell', 'motile cell', 'native cell', 'cell']",mesenchymal cell,,,,
CL:2000042,embryonic fibroblast,"['fibroblast', 'connective tissue cell', 'animal cell', 'eukaryotic cell', 'native cell', 'cell']",fibroblast,,,,
CL:0002555,fibroblast of mammary gland,"['fibroblast', 'connective tissue cell', 'animal cell', 'eukaryotic cell', 'native cell', 'cell']",fibroblast,,,,
CL:4028004,alveolar type 1 fibroblast cell,"['pulmonary interstitial fibroblast', 'fibroblast', 'connective tissue cell', 'animal cell', 'eukaryotic cell', 'native cell', 'cell']",fibroblast,fibroblast,,,
CL:0008019,mesenchymal cell,"['motile cell', 'native cell', 'cell']",,,,,
CL:0000632,hepatic stellate cell,"['fibroblast', 'connective tissue cell', 'animal cell', 'eukaryotic cell', 'native cell', 'cell']",fibroblast,,,,
CL:0000359,vascular associated smooth muscle cell,"['smooth muscle cell', 'non-striated muscle cell', 'muscle cell', 'contractile cell', 'native cell', 'cell']",,,,,
CL:0000669,pericyte,"['contractile cell', 'native cell', 'cell']",,,,,
CL:0008034,mural cell,"['somatic cell', 'native cell', 'cell']",,,,,
CL:0000136,fat cell,"['stuff accumulating cell', 'native cell', 'cell']",,,,,
CL:0000134,mesenchymal stem cell,"['multi fate stem cell', 'stem cell', 'animal cell', 'eukaryotic cell', 'native cell', 'cell']",,,,,
CL:0000077,mesothelial cell,"['squamous epithelial cell', 'epithelial cell', 'animal cell', 'eukaryotic cell', 'native cell', 'cell']",epithelial cell,epithelial cell,,,
CL:0002591,smooth muscle cell of the pulmonary artery,"[locstr('blood vessel smooth muscle cell', 'en'), 'vascular associated smooth muscle cell', 'smooth muscle cell', 'non-striated muscle cell', 'muscle cell', 'contractile cell', 'native cell', 'cell']",,,,,
CL:0009089,lung pericyte,"['pericyte', 'contractile cell', 'native cell', 'cell']",pericyte,,,,
CL:0019018,blood vessel smooth muscle cell,"['vascular associated smooth muscle cell', 'smooth muscle cell', 'non-striated muscle cell', 'muscle cell', 'contractile cell', 'native cell', 'cell']",,,,,
CL:0000875,non-classical monocyte,"['monocyte', 'myeloid leukocyte', 'leukocyte', 'motile cell', 'native cell', 'cell']",monocyte,myeloid leukocyte,leukocyte,,
CL:0002193,myelocyte,"['myeloid cell', 'hematopoietic cell', 'animal cell', 'eukaryotic cell', 'native cell', 'cell']",myeloid cell,hematopoietic cell,,,
CL:0000990,conventional dendritic cell,"['dendritic cell', 'professional antigen presenting cell', 'leukocyte', 'motile cell', 'native cell', 'cell']",dendritic cell,leukocyte,leukocyte,,
CL:0000860,classical monocyte,"['phagocyte', 'motile cell', 'native cell', 'cell']",phagocyte,,,,
CL:0000784,plasmacytoid dendritic cell,"['dendritic cell', 'professional antigen presenting cell', 'leukocyte', 'motile cell', 'native cell', 'cell']",dendritic cell,leukocyte,leukocyte,,
CL:0000878,central nervous system macrophage,"['tissue-resident macrophage', 'macrophage', 'professional antigen presenting cell', 'leukocyte', 'motile cell', 'native cell', 'cell']",macrophage,macrophage,leukocyte,leukocyte,
CL:0000863,inflammatory macrophage,"['elicited macrophage', 'macrophage', 'professional antigen presenting cell', 'leukocyte', 'motile cell', 'native cell', 'cell']",macrophage,macrophage,leukocyte,leukocyte,
CL:0000232,erythrocyte,"['blood cell', 'hematopoietic cell', 'animal cell', 'eukaryotic cell', 'native cell', 'cell']",blood cell,hematopoietic cell,,,
CL:0000558,reticulocyte,"['erythroid lineage cell', 'myeloid cell', 'hematopoietic cell', 'animal cell', 'eukaryotic cell', 'native cell', 'cell']",erythroid lineage cell,myeloid cell,hematopoietic cell,,
CL:0000765,erythroblast,"['erythroid lineage cell', 'myeloid cell', 'hematopoietic cell', 'animal cell', 'eukaryotic cell', 'native cell', 'cell']",erythroid lineage cell,myeloid cell,hematopoietic cell,,
CL:2000055,liver dendritic cell,"['dendritic cell', 'professional antigen presenting cell', 'leukocyte', 'motile cell', 'native cell', 'cell']",dendritic cell,leukocyte,leukocyte,,
CL:0000763,myeloid cell,"['hematopoietic cell', 'animal cell', 'eukaryotic cell', 'native cell', 'cell']",hematopoietic cell,,,,
CL:0000097,mast cell,"['myeloid leukocyte', 'leukocyte', 'motile cell', 'native cell', 'cell']",myeloid leukocyte,leukocyte,,,
CL:0002355,primitive red blood cell,"['primitive erythroid lineage cell', 'erythroid lineage cell', 'myeloid cell', 'hematopoietic cell', 'animal cell', 'eukaryotic cell', 'native cell', 'cell']",erythroid lineage cell,erythroid lineage cell,myeloid cell,hematopoietic cell,
CL:0000775,neutrophil,"['granulocyte', 'blood cell', 'hematopoietic cell', 'animal cell', 'eukaryotic cell', 'native cell', 'cell']",granulocyte,blood cell,hematopoietic cell,,
CL:0000556,megakaryocyte,"['myeloid cell', 'hematopoietic cell', 'animal cell', 'eukaryotic cell', 'native cell', 'cell']",myeloid cell,hematopoietic cell,,,
CL:0000771,eosinophil,"['granulocyte', 'blood cell', 'hematopoietic cell', 'animal cell', 'eukaryotic cell', 'native cell', 'cell']",granulocyte,blood cell,hematopoietic cell,,
CL:0000767,basophil,"['granulocyte', 'blood cell', 'hematopoietic cell', 'animal cell', 'eukaryotic cell', 'native cell', 'cell']",granulocyte,blood cell,hematopoietic cell,,
CL:0000583,alveolar macrophage,"['tissue-resident macrophage', 'macrophage', 'professional antigen presenting cell', 'leukocyte', 'motile cell', 'native cell', 'cell']",macrophage,macrophage,leukocyte,leukocyte,
CL:0002393,intermediate monocyte,"['monocyte', 'myeloid leukocyte', 'leukocyte', 'motile cell', 'native cell', 'cell']",monocyte,myeloid leukocyte,leukocyte,,
CL:0002399,CD1c-positive myeloid dendritic cell,"['myeloid dendritic cell', 'myeloid leukocyte', 'leukocyte', 'motile cell', 'native cell', 'cell']",myeloid leukocyte,myeloid leukocyte,leukocyte,,
CL:1000698,kidney resident macrophage,"['tissue-resident macrophage', 'macrophage', 'professional antigen presenting cell', 'leukocyte', 'motile cell', 'native cell', 'cell']",macrophage,macrophage,leukocyte,leukocyte,
CL:0000233,platelet,"['blood cell', 'hematopoietic cell', 'animal cell', 'eukaryotic cell', 'native cell', 'cell']",blood cell,hematopoietic cell,,,
CL:0009038,colon macrophage,"['macrophage', 'professional antigen presenting cell', 'leukocyte', 'motile cell', 'native cell', 'cell']",macrophage,leukocyte,leukocyte,,
CL:0002394,CD141-positive myeloid dendritic cell,"['myeloid dendritic cell', 'myeloid leukocyte', 'leukocyte', 'motile cell', 'native cell', 'cell']",myeloid leukocyte,myeloid leukocyte,leukocyte,,
CL:0000782,myeloid dendritic cell,"['myeloid leukocyte', 'leukocyte', 'motile cell', 'native cell', 'cell']",myeloid leukocyte,leukocyte,,,
CL:0001071,group 3 innate lymphoid cell,"['innate lymphoid cell', 'lymphocyte', 'mononuclear cell', 'single nucleate cell', 'nucleate cell', 'native cell', 'cell']",innate lymphoid cell,lymphocyte,,,
CL:0001069,group 2 innate lymphoid cell,"['innate lymphoid cell', 'lymphocyte', 'mononuclear cell', 'single nucleate cell', 'nucleate cell', 'native cell', 'cell']",innate lymphoid cell,lymphocyte,,,
CL:0001074,"CD34-positive, CD56-positive, CD117-positive common innate lymphoid precursor, human","['immature innate lymphoid cell', 'innate lymphoid cell', 'lymphocyte', 'mononuclear cell', 'single nucleate cell', 'nucleate cell', 'native cell', 'cell']",innate lymphoid cell,innate lymphoid cell,lymphocyte,,
CL:0001082,immature innate lymphoid cell,"['innate lymphoid cell', 'lymphocyte', 'mononuclear cell', 'single nucleate cell', 'nucleate cell', 'native cell', 'cell']",innate lymphoid cell,lymphocyte,,,
CL:0001078,"group 3 innate lymphoid cell, human","['group 3 innate lymphoid cell', 'innate lymphoid cell', 'lymphocyte', 'mononuclear cell', 'single nucleate cell', 'nucleate cell', 'native cell', 'cell']",innate lymphoid cell,innate lymphoid cell,lymphocyte,,
CL:0001080,"NKp44-negative group 3 innate lymphoid cell, human","['group 3 innate lymphoid cell, human', 'group 3 innate lymphoid cell', 'innate lymphoid cell', 'lymphocyte', 'mononuclear cell', 'single nucleate cell', 'nucleate cell', 'native cell', 'cell']",innate lymphoid cell,innate lymphoid cell,innate lymphoid cell,lymphocyte,
CL:0001079,"NKp44-positive group 3 innate lymphoid cell, human","['group 3 innate lymphoid cell, human', 'group 3 innate lymphoid cell', 'innate lymphoid cell', 'lymphocyte', 'mononuclear cell', 'single nucleate cell', 'nucleate cell', 'native cell', 'cell']",innate lymphoid cell,innate lymphoid cell,innate lymphoid cell,lymphocyte,
CL:0001077,"ILC1, human","['ILC1', 'group 1 innate lymphoid cell', 'innate lymphoid cell', 'lymphocyte', 'mononuclear cell', 'single nucleate cell', 'nucleate cell', 'native cell', 'cell']",innate lymphoid cell,innate lymphoid cell,innate lymphoid cell,lymphocyte,
CL:0001081,"group 2 innate lymphoid cell, human","['group 2 innate lymphoid cell', 'innate lymphoid cell', 'lymphocyte', 'mononuclear cell', 'single nucleate cell', 'nucleate cell', 'native cell', 'cell']",innate lymphoid cell,innate lymphoid cell,lymphocyte,,
CL:0002543,vein endothelial cell,"['blood vessel endothelial cell', 'squamous epithelial cell', 'epithelial cell', 'animal cell', 'eukaryotic cell', 'native cell', 'cell']",blood vessel endothelial cell,epithelial cell,epithelial cell,,
CL:0000115,endothelial cell,"['lining cell', 'barrier cell', 'native cell', 'cell']",,,,,
CL:0002585,retinal blood vessel endothelial cell,"['blood vessel endothelial cell', 'squamous epithelial cell', 'epithelial cell', 'animal cell', 'eukaryotic cell', 'native cell', 'cell']",blood vessel endothelial cell,epithelial cell,epithelial cell,,
CL:1001005,glomerular capillary endothelial cell,"['capillary endothelial cell', 'microvascular endothelial cell', 'blood vessel endothelial cell', 'squamous epithelial cell', 'epithelial cell', 'animal cell', 'eukaryotic cell', 'native cell', 'cell']",blood vessel endothelial cell,blood vessel endothelial cell,blood vessel endothelial cell,epithelial cell,epithelial cell
CL:0019022,endothelial cell of pericentral hepatic sinusoid,"['endothelial cell of hepatic sinusoid', 'endothelial cell of sinusoid', 'endothelial cell', 'lining cell', 'barrier cell', 'native cell', 'cell']",endothelial cell,endothelial cell,endothelial cell,,
CL:1000398,endothelial cell of hepatic sinusoid,"['endothelial cell of sinusoid', 'endothelial cell', 'lining cell', 'barrier cell', 'native cell', 'cell']",endothelial cell,endothelial cell,,,
CL:0019021,endothelial cell of periportal hepatic sinusoid,"['endothelial cell of hepatic sinusoid', 'endothelial cell of sinusoid', 'endothelial cell', 'lining cell', 'barrier cell', 'native cell', 'cell']",endothelial cell,endothelial cell,endothelial cell,,
CL:1000413,endothelial cell of artery,"['blood vessel endothelial cell', 'squamous epithelial cell', 'epithelial cell', 'animal cell', 'eukaryotic cell', 'native cell', 'cell']",blood vessel endothelial cell,epithelial cell,epithelial cell,,
CL:0002138,endothelial cell of lymphatic vessel,"['endothelial cell of vascular tree', 'endothelial cell', 'lining cell', 'barrier cell', 'native cell', 'cell']",endothelial cell of vascular tree,endothelial cell,,,
CL:0002139,endothelial cell of vascular tree,"['endothelial cell', 'lining cell', 'barrier cell', 'native cell', 'cell']",endothelial cell,,,,
CL:1000892,kidney capillary endothelial cell,"['blood vessel endothelial cell', 'squamous epithelial cell', 'epithelial cell', 'animal cell', 'eukaryotic cell', 'native cell', 'cell']",blood vessel endothelial cell,epithelial cell,epithelial cell,,
CL:0002262,endothelial cell of sinusoid,"['endothelial cell', 'lining cell', 'barrier cell', 'native cell', 'cell']",endothelial cell,,,,
CL:0000704,endothelial tip cell,"['blood vessel endothelial cell', 'squamous epithelial cell', 'epithelial cell', 'animal cell', 'eukaryotic cell', 'native cell', 'cell']",blood vessel endothelial cell,epithelial cell,epithelial cell,,
CL:0002144,capillary endothelial cell,"['microvascular endothelial cell', 'blood vessel endothelial cell', 'squamous epithelial cell', 'epithelial cell', 'animal cell', 'eukaryotic cell', 'native cell', 'cell']",blood vessel endothelial cell,blood vessel endothelial cell,epithelial cell,epithelial cell,
CL:0002188,glomerular endothelial cell,"['endothelial cell', 'lining cell', 'barrier cell', 'native cell', 'cell']",endothelial cell,,,,
CL:0000071,blood vessel endothelial cell,"['squamous epithelial cell', 'epithelial cell', 'animal cell', 'eukaryotic cell', 'native cell', 'cell']",epithelial cell,epithelial cell,,,
CL:1000414,endothelial cell of venule,"['endothelial cell of vascular tree', 'endothelial cell', 'lining cell', 'barrier cell', 'native cell', 'cell']",endothelial cell of vascular tree,endothelial cell,,,
CL:0000131,gut endothelial cell,"['endothelial cell', 'lining cell', 'barrier cell', 'native cell', 'cell']",endothelial cell,,,,
CL:0009095,endothelial cell of uterus,"['endothelial cell', 'lining cell', 'barrier cell', 'native cell', 'cell']",endothelial cell,,,,
CL:2000059,prostate gland microvascular endothelial cell,"['microvascular endothelial cell', 'blood vessel endothelial cell', 'squamous epithelial cell', 'epithelial cell', 'animal cell', 'eukaryotic cell', 'native cell', 'cell']",blood vessel endothelial cell,blood vessel endothelial cell,epithelial cell,epithelial cell,
CL:0010008,cardiac endothelial cell,"['endothelial cell', 'lining cell', 'barrier cell', 'native cell', 'cell']",endothelial cell,,,,
CL:1001568,pulmonary artery endothelial cell,"['endothelial cell of artery', 'blood vessel endothelial cell', 'squamous epithelial cell', 'epithelial cell', 'animal cell', 'eukaryotic cell', 'native cell', 'cell']",blood vessel endothelial cell,blood vessel endothelial cell,epithelial cell,epithelial cell,
CL:1001602,cerebral cortex endothelial cell,"['endothelial cell', 'lining cell', 'barrier cell', 'native cell', 'cell']",endothelial cell,,,,
CL:0009092,endothelial cell of placenta,"['endothelial cell', 'lining cell', 'barrier cell', 'native cell', 'cell']",endothelial cell,,,,
CL:2000016,lung microvascular endothelial cell,"['lung endothelial cell', 'epithelial cell of lung', 'epithelial cell', 'animal cell', 'eukaryotic cell', 'native cell', 'cell']",epithelial cell,epithelial cell,epithelial cell,,
CL:2000041,dermis microvascular lymphatic vessel endothelial cell,"['dermis lymphatic vessel endothelial cell', 'endothelial cell of lymphatic vessel', 'endothelial cell of vascular tree', 'endothelial cell', 'lining cell', 'barrier cell', 'native cell', 'cell']",endothelial cell of lymphatic vessel,endothelial cell of lymphatic vessel,endothelial cell of vascular tree,endothelial cell,
