,dataset_id,n_cells
0,0041b9c3-6a49-4bf7-8514-9bc7190067a7,9424
1,00476f9f-ebc1-4b72-b541-32f912ce36ea,10099
2,00e5dedd-b9b7-43be-8c28-b0e5c6414a62,21422
3,00ff600e-6e2e-4d76-846f-0eec4f0ae417,363
4,01209dce-3575-4bed-b1df-129f57fbc031,51876
5,0129dbd9-a7d3-4f6b-96b9-1da155a93748,244474
6,015c230d-650c-4527-870d-8a805849a382,148374
7,019c7af2-c827-4454-9970-44d5e39ce068,12590
8,01ad3cd7-3929-4654-84c0-6db05bd5fd59,600929
9,01c93cf6-b695-4e30-a26e-121ae8b16a9e,3726
10,02792605-4760-4023-82ad-40fc4458a5db,89637
11,03181d87-4769-41e7-8c39-d9a81835f0d2,71545
12,0325478a-9b52-45b5-b40a-2e2ab0d72eb1,455006
13,0374f03c-62e2-4859-8a14-acb00b0627d5,14871
14,03c544fb-a103-4d18-9230-eae9cfee3af2,28691
15,03d38670-1444-4001-bc53-9936e61d9b20,20027
16,03d5794d-cde9-4769-a1a9-b3899d2b1d87,9015
17,04a23820-ffa8-4be5-9f65-64db15631d1e,137162
18,04b0eb97-d816-44bb-93a5-8b2968791aa0,4163
19,04c0bdd8-840f-488e-b72d-2a1229bc65db,18524
20,04c94a7d-1133-42c9-bb48-c697bd302a8d,109618
21,04d87de6-c20a-4186-8884-f47dba20b0a4,3206
22,055ca631-6ffb-40de-815e-b931e10718c0,41305
23,066943a2-fdac-4b29-b348-40cede398e4e,584944
24,06b91002-4d3d-4d2e-8484-20c3b31e232c,5500
25,06ef6b36-6c9b-4e10-8a94-d0baf274276e,10533
26,07428d73-fdea-4bd4-a801-94b00c4d961c,2361
27,07760522-707a-4a1c-8891-dbd1226d6b27,33506
28,07854d9c-5375-4a9b-ac34-fa919d3c3686,172847
29,07b1d7c8-5c2e-42f7-9246-26f746cd6013,27210
30,08073b32-d389-41f4-a4fd-616de76915ab,10790
31,0895c838-e550-48a3-a777-dbcd35d30272,146
32,090da8ea-46e8-40df-bffc-1f78e1538d27,24190
33,093d3bfe-6f0f-4ac0-a7a1-829f94d0a49f,193108
34,095940cb-7422-4510-96e2-cbafd961eb88,52045
35,0a21f80c-e7a3-465b-8aba-fdda2b4c36bc,76994
36,0b4a15a7-4e9e-4555-9733-2423e5c66469,48783
37,0b75c598-0893-4216-afe8-5414cab7739d,304652
38,0ba16f4b-cb87-4fa3-9363-19fc51eec6e7,6947
39,0ba636a1-4754-4786-a8be-7ab3cf760fd6,803283
40,0bc7235a-ae5a-479d-a487-510435377e55,120807
41,0c86f0de-ddcb-454c-b00b-37feb69e7da1,3524
42,0c9a8cfb-6649-4d52-b418-6d8e56bd7afe,1011
43,0ced5e76-6040-47ff-8a72-93847965afc0,33664
44,0d2ee4ac-05ee-40b2-afb6-ebb584caa867,35682
45,0d7f4c06-a6bd-47d2-a42b-3a7196704f77,9932
46,0e9d47fb-89b1-42d8-b426-2c7630b5f5fa,29505
47,0eccaf0c-19d2-4900-9962-899378adf8be,8984
48,0ed60482-a34f-4268-b576-d69cc30210f6,52828
49,0ee5ae70-c3f5-473f-bd1c-287f4690ffc5,13623
50,0f4865d5-8000-4f68-8ac7-f5efea9e5e70,75695
51,0fdb6122-4600-40f0-a703-2da47cc7080d,16878
52,1009f384-b12d-448e-ba9f-1b7d2ecfbb4e,3961
53,100c6145-7b0e-4ba6-81c1-ffebed0d1ac4,40625
54,105c7dad-0468-4628-a5be-2bb42c6a8ae4,40268
55,1062c0f2-2a44-4cf9-a7c8-b5ed58b4728d,115548
56,1185a7d3-a9c1-4280-9ba5-d61895b15cac,38331
57,1196334f-a441-474a-95ee-400780941690,34132
58,11a3244a-6b2f-43ca-95a5-d2cd95c482d2,9675
59,11ef37ee-2173-458e-aab8-7fe35da8e47b,7348
60,11ff73e8-d3e4-4445-9309-477a2c5be6f6,71732
61,12194ced-8086-458e-84a8-e2ab935d8db1,21968
62,124744b8-4681-474a-9894-683896122708,15457
63,1252c5fb-945f-42d6-b1a8-8a3bd864384b,170281
64,13b61a7d-5605-4948-ba48-02c588960143,32588
65,14363b6e-3428-45b0-8704-10fd5d6316df,9841
66,146216e1-ec30-4fee-a1fb-25defe801e2d,52704
67,1492eb6b-7d50-4c4d-94ac-c801a7d5555c,7506
68,182f6a56-7360-4924-a74e-1772e07b3031,28724
69,18500fcd-9960-49cb-8a8e-7d868dc14efe,50830
70,1873a18a-66fd-4a4d-8277-a872c93f5b59,105780
71,18e2a8c5-33f7-455e-a58a-b2ba6921db27,213898
72,18eb630b-a754-4111-8cd4-c24ec80aa5ec,53275
73,19b21f40-db42-4a71-a0d6-913e83b17784,41568
74,19e46756-9100-4e01-8b0e-23b557558a4c,66985
75,1a018108-b4b6-457b-ba15-046d5e98c169,21534
76,1a2e3350-28a8-4f49-b33c-5b67ceb001f6,103228
77,1a38e762-2465-418f-b81c-6a4bce261c34,700391
78,1a434263-2aa5-4fd9-a1f3-1c4a2a8fb771,41130
79,1a7e99fe-d5b6-44d7-aa50-c6ef6ab29761,20727
80,1b767f95-d0a0-4a3d-b394-cc665d86c3dc,34933
81,1b9d8702-5af8-4142-85ed-020eb06ec4f6,329762
82,1c05b7ae-4dfb-4c1b-a441-4b23c04b169e,29176
83,1c739a3e-c3f5-49d5-98e0-73975e751201,191795
84,1c9eb291-6d31-47e1-96b2-129b5e1ae64f,30746
85,1c9f5c6b-73da-4d17-95de-df080ffe0df1,13007
86,1cf24082-59de-4029-ac81-6e398768af3a,29522
87,1e5bd3b8-6a0e-4959-8d69-cafed30fe814,35699
88,1e6a6ef9-7ec9-4c90-bbfb-2ad3c3165fd1,1283972
89,1f1c5c14-5949-4c81-b28e-b272e271b672,20676
90,20980d73-7c53-4039-b852-b76a01566d5a,33484
91,20d87640-4be8-487f-93d4-dce38378d00f,7803
92,214bf9eb-93db-48c8-8e3c-9bb22fa3bc63,3662
93,2185eb07-22e2-4209-b3c8-7111afc6aa90,105734
94,218acb0f-9f2f-4f76-b90b-15a4b7c7f629,1263676
95,2190bd4d-3be0-4bf7-8ca8-8d6f71228936,126782
96,21d3e683-80a4-4d9b-bc89-ebb2df513dde,246964
97,22658f4f-9268-41ad-8828-cc53f4baa9fa,12557
98,232f6a5a-a04c-4758-a6e8-88ab2e3a6e69,892296
99,234c23d0-d6cd-4612-a40d-e5811727564b,53015
100,236baeda-5fdd-41bf-8e32-bae21ac7d435,3937
101,24066994-8183-488d-b037-ef6bb524af39,15772
102,2423ce2c-3149-4cca-a2ff-cf682ea29b5f,9641
103,242c6e7f-9016-4048-af70-d631f5eea188,195632
104,24584be9-d3d5-49c3-a042-99c18fe324db,7618
105,248cf7bf-508b-4c28-a2fd-cabe2ab956aa,5980
106,24ec2dc5-3573-4d66-a9e1-25b7dcf43e27,25382
107,251b1a7e-d050-4486-8d50-4c2619eb0f46,91479
108,2672b679-8048-4f5e-9786-f1b196ccfd08,57019
109,2727d83a-0af0-443a-bff8-58dc7028289a,42528
110,27d91086-cfe3-4e33-9282-bd1246e5ce8e,39696
111,2856d06c-0ff9-4e01-bfc9-202b74d0b60f,22048
112,2872f4b0-b171-46e2-abc6-befcf6de6306,41650
113,290d50c7-7158-4198-acf5-6d4b624fd3dc,10993
114,2a156c92-c62f-4a51-b340-9df09caa589c,34268
115,2a498ace-872a-4935-984b-1afa70fd9886,422220
116,2a7f90de-098a-4a6f-ac07-9e6462792412,240804
117,2a8ca8f3-5599-4cda-b973-3a2dfc3c1fe6,10778
118,2aa1c93c-4ef3-4e9a-98e7-0bd37933953c,218758
119,2adb1f8a-a6b1-4909-8ee8-484814e2d4bf,598266
120,2ba40233-8576-4dec-a5f1-2adfa115e2dc,11375
121,2bdd3a2c-2ff4-4314-adf3-8a06b797a33a,156285
122,2c820d53-cbd7-4e0a-be7a-a0ad1989a98f,685024
123,2d31c0ca-0233-41ce-bd1a-05aa8404b073,6847
124,2d85960a-2ba8-4f54-9aec-537fae839f5d,40634
125,2e5a9b5d-d31b-4e9f-a179-d5d70ba459fb,4619
126,2ecc72f8-085f-4e86-8692-771f316c54f6,2496
127,2f05ab20-a092-4bab-9276-3e0eb24e3fee,38217
128,2f132ec9-24b5-422f-9be0-ccef03b4fe28,39778
129,2f6a20f1-173d-4b8d-860b-c47ffea120fa,2868
130,2f7230e7-4706-4924-b571-473fc1e52c30,4651
131,2fc9c59f-3cfd-48d9-9b23-e369ea31bff3,4620
132,30cd5311-6c09-46c9-94f1-71fe4b91813c,125117
133,31f04740-c712-4c4b-a3f8-55c0506b3034,40165
134,3294d050-6eeb-4a00-b24c-71aacc9b777f,26474
135,32b9bdce-2481-4c85-ba1b-6ad5fcea844c,107344
136,33911db3-f461-464b-8083-a397ab616a09,17706
137,343ff97c-85df-494b-8400-beb937618611,8978
138,34deb33b-a50e-4993-a38b-1c0e5079c1c2,54313
139,35090826-f636-40c1-a3ef-4466beeab9f8,18856
140,359f7af4-87d4-4117-9d6c-ca4cfa1f3f0b,56507
141,35c8a04c-8639-4d15-8228-765d8d93fc96,16753
142,364348b4-bc34-4fe1-a851-60d99e36cafa,12944
143,367b55f4-d543-49aa-90e8-4765fcb8c687,24354
144,36c867a7-be10-4e69-9b39-5de12b0af6da,32458
145,37b21763-7f0f-41ae-9001-60bad6e2841d,69645
146,381aa407-317a-40ef-8048-7ce0eacc4266,26172
147,389bfbb9-8ef1-4582-8c41-410131c3d0eb,62509
148,3966ba97-beb8-4d0b-9954-d3775cd2cd61,158978
149,396a9124-fb20-4822-bf9c-e93fdf7c999a,12510
150,39ed7d98-676d-4b8d-9d0a-0f3b60914ead,118647
151,3a1df9df-425e-451f-9d69-1ba7985296d9,25871
152,3a7f3ab4-a280-4b3b-b2c0-6dd05614a78c,291833
153,3affa268-8a74-460a-ac9b-a984c0832469,239698
154,3b6ed41e-10a1-47dd-b995-8cde7d041fd6,3977
155,3b8b5de4-3aa1-4ac6-8890-8d03c8219981,113106
156,3c361813-5d5e-4868-bfe5-e7591e7b5381,172120
157,3c75a463-6a87-4132-83a8-c3002624394d,95064
158,3d044b52-140a-4528-bf0d-a2dbef9e1f40,4880
159,3d0d6923-a2c4-476f-a53e-3b7bfa010d90,208390
160,3dc61ca1-ce40-46b6-8337-f27260fd9a03,71752
161,3de0ad6d-4378-4f62-b37b-ec0b75a50d94,46500
162,3e4e2c8e-cd17-4ece-9141-1e7f4ce8da1f,22414
163,3e87b1fa-472a-401c-8fa8-f31c10437d5f,1973
164,3f31f8ce-bbf6-4df8-8203-aa240ed03026,32157
165,3f32121d-126b-4e8d-9f69-d86502d2a1b1,36359
166,3f56901c-dd4a-47d6-b60b-7b0c0111cfb2,37911
167,3faad104-2ab8-4434-816d-474d8d2641db,1248980
168,4023a2bc-6325-47db-bfdf-9639e91042c2,9096
169,40318d39-3d8f-49f4-8455-a2e1365c5c5b,30132
170,40569510-2282-461b-84df-6218ef208e0e,13173
171,40e79234-65e8-45e9-b555-5c663154a108,490246
172,421e5f54-5de7-425f-b399-34ead0651ce1,34949
173,4269074c-f2c1-4d88-b2c3-0946f59d5449,2199
174,42b6a476-c51d-4f8b-b68b-44941b3a11bf,11243
175,43560d7c-acd6-4ede-830d-c9ffc6cd0862,16665
176,43b7e156-65b3-4a7b-8c7a-08528e4b21d0,38205
177,44882825-0da1-4547-b721-2c6105d4a9d1,32607
178,44c83972-e5d2-4858-ac58-2df9f4bf564b,97173
179,456e8b9b-f872-488b-871d-94534090a865,44721
180,4593c820-512d-4805-a10f-c0b864a7cc8c,31090
181,459dc9de-9ab8-4e4d-ac44-182595b1c18b,72788
182,46ff9dc2-3d87-4b36-91aa-ffa8aa13c52e,32745
183,470565f2-5afc-456a-b617-18e4496c04fd,4714
184,471647b3-04fe-4c76-8372-3264feb950e8,27998
185,4724c395-0c46-46d2-81f7-60fd271fb488,35350
186,48101fa2-1a63-4514-b892-53ea1d3a8657,589390
187,482954b2-0456-4901-b379-b62f99c0ab2d,25728
188,486486d4-9462-43e5-9249-eb43fa5a49a6,46140
189,489318a0-24c3-4f5c-b105-f084ed0ea026,13900
190,489eaa11-c119-4a5f-b44b-81e33c80c0ef,32790
191,492d9f77-c4c8-485d-92d7-7686fe6c8482,5834
192,4976b234-9028-4b4b-8a2f-8ac59d636219,71874
193,4993d61c-1d04-4630-9c61-8d9431f39adc,1250
194,4b6af54a-4a21-46e0-bc8d-673c0561a836,18386
195,4c4cd77c-8fee-4836-9145-16562a8782fe,43512
196,4c6f9f26-5470-455b-8933-c408232fbf56,2576
197,4cdd25a4-f4fa-4c13-b8a9-80cf28511d46,19601
198,4ce8d8ec-b94c-4b79-afcb-b094336d8a78,9422
199,4d2e0563-cf4a-48bd-aa7f-efc26025b53a,24081
200,4d43082e-59cd-43ac-b77d-54d55519c881,24808
201,4dd00779-7f73-4f50-89bb-e2d3c6b71b18,34772
202,4dd1cd23-fc4d-4fd1-9709-602540f3ca6f,13691
203,4e38f019-f8e8-44ae-ad32-ba500de6f64c,16540
204,4e74d843-8d7a-497a-918a-f079ef141b6d,4329
205,4ebcbeeb-2208-4d30-acb2-8142a5201814,20855
206,4ed927e9-c099-49af-b8ce-a2652d069333,209126
207,4f1555bc-4664-46c3-a606-78d34dd10d92,12297
208,4fb330ab-2d74-4649-b58f-7ffef457efdf,191230
209,5097d77d-08fa-4105-a18f-4072d61522a4,62247
210,50dc91a1-36b6-472a-b884-7307b6961ab1,8041
211,50eb1e23-b8d4-4f76-a184-44e5541fa05a,4755
212,518d9049-2a76-44f8-8abc-1e2b59ab5ba1,152509
213,51f476f7-b24d-42f3-8871-7dab3fa35e96,4147
214,524d4513-8afd-4120-9b7b-fe31ae10c29b,3923
215,524e045e-e74c-4e00-9884-d5c3bef3d862,1374
216,529bb209-9d7b-44da-bfa4-f6e4745c46c2,32678
217,52ea546e-9229-40ef-b048-a2e694dd73e8,50362
218,52f18bc3-52d9-487b-bf8f-f0b7aa684b09,59505
219,531c9543-9093-45ed-93ac-ebc5815bfb8a,9156
220,5346f9c6-755e-4336-94cc-38706ec00c2f,108940
221,535e9336-2d8d-43c3-944d-bcbebe20df8a,133811
222,53bc5729-6202-4351-bc99-1f36139e9dc4,95014
223,53d208b0-2cfd-4366-9866-c3c6114081bc,483152
224,55003f67-c494-46f1-83fb-902745646379,2122065
225,5500c673-1610-40a0-86d9-64d987ae50e6,60668
226,55cf0ea3-9d2b-4294-871e-bb4b49a79fc7,15020
227,56c33a38-2732-4e53-a9c1-1bc61eda9a99,38188
228,56c4912d-2bae-4b64-98f2-af8a84389208,1135677
229,572f3f3e-d3e4-4d13-8e2b-88215e508481,195395
230,574e9f9e-f8b4-41ef-bf19-89a9964fd9c7,83451
231,576f193c-75d0-4a11-bd25-8676587e6dc2,147137
232,5829c7ba-697f-418e-8b98-d605b192dc48,178815
233,58679288-9ecc-4647-9781-12a3a8f8c6fd,2833
234,58c43cc2-e00e-43c4-94eb-8501369264e1,27670
235,595c9010-99ec-462d-b6a1-2b2fe5407871,27092
236,59923449-e303-43e6-9e63-03ef92f5ebd1,25071
237,599504e5-d4ad-45bd-9128-823faf0fb9c9,16602
238,59b69042-47c2-47fd-ad03-d21beb99818f,49139
239,5a11f879-d1ef-458a-910c-9b0bdfca5ebf,31691
240,5a73f63f-18a2-49b5-b431-2c469c41a41b,20916
241,5ae6ab72-1927-4d5b-9826-86be65791293,20181
242,5af90777-6760-4003-9dba-8f945fec6fdf,270855
243,5ba85070-a41c-4184-9c18-cf34c3fd0f62,10742
244,5bc23cb2-8cfc-4960-bab1-c3027fbeefc4,28155
245,5bc42b88-bb76-4954-927b-8bb7369adc64,70325
246,5bdc423a-59e6-457d-aa01-debd2c9c564f,114605
247,5cdbb2ea-c622-466d-9ead-7884ad8cb99f,13607
248,5ce42b38-d867-487f-9b40-e8bb00b21d0b,97788
249,5d3fc988-765d-48ba-bfb5-151ef2988cac,49109
250,5e5ab909-f73f-4b57-98a0-6d2c5662f6a4,32306
251,5e5e7a2f-8f1c-42ac-90dc-b4f80f38e84c,20263
252,5e717147-0f75-4de1-8bd2-6fda01b8d75f,90957
253,605b89b1-c474-4180-8c0b-88afb5920991,113298
254,62315937-e268-4fa5-a032-8f7d776f3a3f,4778
255,62de80d7-e6c4-4ff0-ad4c-d3d36f57cb93,2598
256,639ffc23-14db-4060-9027-3c90314200f8,35290
257,63bb6359-3945-4658-92eb-3072419953e4,14970
258,6437bc9c-16cb-46c8-8f79-9a7384a0212a,44174
259,644a578d-ffdc-446b-9679-e7ab4c919c13,94256
260,646e3e87-e46b-4b12-85b5-8d8589e26088,317116
261,64767efb-49b0-4562-a1bd-e619a5d9db41,14979
262,64f4ad90-a422-400a-944d-4ce0f39594a7,33641
263,6538ce1b-7949-405f-b01c-a2c3e876baee,52650
264,65badd7a-9262-4fd1-9ce2-eb5dc0ca8039,881081
265,66d15835-5dc8-4e96-b0eb-f48971cb65e8,2544
266,693ae928-96ba-47de-b9d9-1321c675bfcd,33415
267,6a270451-b4d9-43e0-aa89-e33aac1ac74b,10696
268,6a30bf44-c490-41ac-965b-0bb58432b10a,40420
269,6acb6637-ac08-4a65-b2d1-581e51dc7ccf,7805
270,6c600df6-ddca-4628-a8bb-1d6de1e3f9b4,63608
271,6cda07c7-5d7a-41ba-9799-5bb73da25a60,3848
272,6ceeaa86-9ceb-4582-b390-6d4dd6ff0572,89849
273,6cf3634d-e911-44ad-bf52-c747a9af3c01,39433
274,6d41668c-168c-4500-b06a-4674ccf3e19d,5007
275,6dafb698-7a53-4699-ad13-1b5e2c164be7,5882
276,6e00ccf7-0749-46ef-a999-dba785630d52,5499
277,6ec405bb-4727-4c6d-ab4e-01fe489af7ea,7124
278,6ed0bb6c-a9e3-4ba6-9436-7c8fd4e206f0,38259
279,6f7fd0f1-a2ed-4ff1-80d3-33dde731cbc3,1309414
280,700aed19-c16e-4ba8-9191-07da098a8626,91838
281,703f00e6-b996-48e5-bc34-00c41b9876f4,649
282,70e4f35b-c98c-45a1-9aa9-2053b07315dd,40815
283,715327a6-7978-4896-ba91-69d6b04dbbfb,40191
284,716a4acc-919e-4326-9672-ebe06ede84e6,113339
285,71be997d-ff75-41b9-8a9f-1288c865f921,54934
286,72822932-10f6-466f-baf3-a2c1d89364bc,20470
287,731e6380-879f-4b0b-9a1f-2150208852ef,2065
288,7357bdd2-e05b-4e87-acd9-e3a26382648b,24489
289,7357cee7-9f7f-4ab0-8cec-90de8f047e38,13680
290,738942eb-ac72-44ff-a64b-8943b5ecd8d9,36313
291,73b7d0aa-035f-4a15-9f1d-f56b70204591,4594
292,74520626-b0ba-4ee9-86b5-714649554def,76567
293,74cff64f-9da9-4b2a-9b3b-8a04a1598040,286326
294,74d584f0-74fc-482e-b944-e76f29c1ab85,82936
295,75a881cf-5d88-46e2-bf9b-97e5cbc1bd56,5331
296,75e6eee5-d0e3-4291-9360-f288ffe6c7c4,18567
297,76347874-8801-44bf-9aea-0da21c78c430,16475
298,76af615b-12fe-4ebb-b8c6-239ad29e26e3,13635
299,77044335-0ac5-4406-9b3f-8cdd3656d67b,23349
300,773b9b2e-70c8-40be-8cbb-e7b5abab360d,79522
301,774c18c5-efa1-4dc5-9e5e-2c824bab2e34,3589
302,77c1c785-809f-4065-8c54-6a0170783256,37767
303,78f10833-3e61-4fad-96c9-4bbd4f14bdfa,11541
304,78fd69d2-75e4-4207-819a-563139f273c6,125289
305,7970bd6b-f752-47a9-8643-2af16855ec49,21595
306,79d485a8-b8b1-49f2-85aa-c44e5206aa53,23537
307,79ef1959-a6b4-4cac-82ca-30feaec48df1,4846
308,7a0a8891-9a22-4549-a55b-c2aca23c3a2a,74979
309,7b316f62-7fa0-4b95-bac9-e90866038a85,42699
310,7b3368a5-c1a0-4973-9e75-d95b4150c7da,4138
311,7b75b2c4-6d99-40be-9a61-391455d859e6,9070
312,7bb64315-9e5a-41b9-9235-59acf9642a3e,293823
313,7c1c3d47-3166-43e5-9a95-65ceb2d45f78,49512
314,7cd3c321-e487-4b51-a8af-9bf671b59fe5,26095
315,7d3ab174-e433-40fc-a352-6fe71b1a19f9,28984
316,7d98cc44-b090-4dc8-804f-2750c84fe9d7,2489
317,7db0c178-b0a4-442f-ba54-e9e1633a84bb,42834
318,7f08cbcc-5790-4576-8478-10e9a999b316,117346
319,8039c63d-08b0-4fc9-af0f-5b57f08ca0da,17535
320,804d9a85-665b-45c6-b204-13457fdcc7ac,149107
321,80a2c5b6-02e7-4fc0-9f12-179f5247c1bc,428469
322,80d7111d-f9fe-49fd-871e-6e618312c341,3797
323,810ac45f-8969-4698-b42c-652f802f75c2,5467
324,814f2c97-49e4-4a17-be26-fde3c4c57d1b,27589
325,81e91ff8-f619-4ad1-a0c3-b45e1dc63f68,1310
326,82f6af6d-5313-439a-9936-5e844be49a70,51878
327,83b5e943-a1d5-4164-b3f2-f7a37f01b524,7999
328,84230ea4-998d-4aa8-8456-81dd54ce23af,5608
329,84242d25-f656-4ca6-8e8d-f3d2beeba11f,3851
330,842c6f5d-4a94-4eef-8510-8c792d1124bc,714331
331,84f1a631-910b-4fbb-9f76-d915a07316d2,23483
332,856c1b98-5727-49da-bf0f-151bdb8cb056,20091
333,85c60876-7f35-40c5-a256-7808d84c6ba5,96129
334,8623d55f-d91c-41c2-ae68-ed2072fd268d,25908
335,86282760-5099-4c71-8cdd-412dcbbbd0b9,16743
336,873ff933-4fda-4936-9a70-67df11af90ac,15833
337,881fe679-c6e0-45a3-9427-c4e81be6921f,7097
338,88a01d4a-5197-45be-b5ae-e019aef43376,40565
339,88c483bf-477d-4be5-90d3-4fb101dd601f,25186
340,894573ad-498f-47ee-9bec-ad0880147eea,10734
341,8a554710-08bc-4005-87cd-da9675bdc2e7,4232
342,8a8aedcb-5bb3-453d-a9f0-f37951ae1515,14786
343,8b2e5453-faf7-46ea-9073-aea69b283cb7,28847
344,8ba5453f-7fab-4702-a3a6-4021b1f31a7a,85546
345,8c0a3574-b0ad-4e4f-b5d3-d1a743b00d4a,387069
346,8c42cfd0-0b0a-46d5-910c-fc833d83c45e,65662
347,8c6ed88f-11bf-4159-bad7-ff41fb1e1eca,9893
348,8d1dd010-5cbc-43fb-83f8-e0de8e8517da,241077
349,8e10f1c4-8e98-41e5-b65f-8cd89a887122,2480956
350,8e47ed12-c658-4252-b126-381df8d52a3d,22502
351,8f10185b-e0b3-46a5-8706-7f1799225d79,53040
352,8f48c031-6692-4c82-b6c2-e4ad35cbc0aa,45118
353,8faa2c07-0080-4627-b1d7-e645a780d752,50259
354,8fcf0ccc-67b2-43a3-90be-075f85169bef,17451
355,900fdf13-150d-4695-9f8c-4c09105ba2eb,47416
356,90d4a63b-5c02-43eb-acde-c49345681601,60574
357,92161459-9103-4379-ae34-73a38eee1d1d,80576
358,93131426-0124-4ab4-a013-9dfbcd99d467,24327
359,933497dc-7592-4532-9056-b9941547b3ac,35214
360,9372df2d-13d6-4fac-980b-919a5b7eb483,33794
361,93cb76aa-a84b-4a92-8e6c-66a914e26d4c,153159
362,9434b020-de42-43eb-bcc4-542b2be69015,59217
363,94423ec1-21f8-40e8-b5c9-c3ea82350ca4,3282
364,949ec7fc-ac54-47c9-bb6f-ee9e67688cce,38937
365,94c41723-b2c4-4b59-a49a-64c9b851903e,129905
366,95ce06a0-7de9-4ab2-bcd1-a6625f55e7e3,99707
367,965386e9-1e4f-466d-bf59-ebdca4b66b9b,92676
368,968885c5-b652-48d9-9006-c34b5fc1c07a,10729
369,96a3f64b-0ee9-40d8-91e9-813ce38261c9,239696
370,975e13b6-bec1-4eed-b46a-9be1f1357373,352496
371,975fd2d3-1982-47a1-9ef7-8cde3345f219,422542
372,97a17473-e2b1-4f31-a544-44a60773e2dd,104148
373,98113e7e-f586-4065-a26a-60aa702f8d1c,228467
374,9813a1d4-d107-459e-9b2e-7687be935f69,23197
375,983d5ec9-40e8-4512-9e65-a572a9c486cb,50115
376,98f5d518-1e60-4307-b732-ab045cd3cbc2,160658
377,9940f951-3dc0-4579-bbb2-2392786e59a3,136076
378,9968be68-ab65-4a38-9e1a-c9b6abece194,155232
379,99950e99-2758-41d2-b2c9-643edcdf6d82,137147
380,9a281de7-cee5-4e80-8584-1929f46f152f,57422
381,9a64bf99-ebe5-4276-93a8-bee9dff1cd47,52681
382,9b188f26-c8e1-4a78-af15-622a35a371fc,5754
383,9b686bb6-1427-4e13-b451-7ee961115cf9,1705
384,9c4c8515-8f82-4c72-b0c6-f87647b00bbe,11923
385,9c63201d-bfd9-41a8-bbbc-18d947556f3d,185477
386,9cfee1e6-b24f-433d-a269-f01841655d6a,1635
387,9d584fcb-a28a-4b91-a886-ceb66a88ef81,59341
388,9d5df009-eb76-43a3-b6cd-22017cc53700,76592
389,9d8e5dca-03a3-457d-b7fb-844c75735c83,72335
390,9dbab10c-118d-496b-966a-67f1763a6b7d,1462702
391,9ddea8d9-cc4c-420a-90f6-880996f808d4,100307
392,9df60c57-fdf3-4e93-828e-fe9303f20438,19985
393,9ea768a2-87ab-46b6-a73d-c4e915f25af3,40268
394,9ec335f2-420a-45a8-b45a-1ab646e50041,10654
395,9ec34295-ab16-47e2-af33-b884143e520b,49110
396,9f049476-2431-4645-a2d6-f6e85892b603,1861
397,9f1049ac-f8b7-45ad-8e31-6e96c3e5058f,5572
398,9f222629-9e39-47d0-b83f-e08d610c7479,2282447
399,9f499d32-400d-4c42-ac9a-fb1481844fee,56367
400,9fcb0b73-c734-40a5-be9c-ace7eea401c9,105918
401,9fddb063-056d-4202-8b8a-4b0ee531d3ce,100064
402,9ff99bf8-2524-4ab5-ab6e-4bc218e4a449,42901
403,9ff9f9ba-016b-4cbb-8899-45dc20860b8b,76195
404,a0754256-f44b-4c4a-962c-a552e47d3fdc,10650
405,a0d173dd-bb10-4d13-8b9a-e13a4ee83c8c,94828
406,a12ccb9b-4fbe-457d-8590-ac78053259ef,304989
407,a190b2e9-3796-4785-9a2f-013e2a9a43e6,21603
408,a19b218b-1c0a-4618-b41f-7c216c623ec6,40677
409,a19d1667-a7b5-4556-9e5f-f9bfa690c0f1,108440
410,a1b9c51e-a408-4f7f-bccb-abefe20ae2a5,16245
411,a2d4d33e-4c62-4361-b80a-9be53d2e50e8,16037
412,a357414d-2042-4eb5-95f0-c58604a18bdd,12467
413,a37f857c-779f-464e-9310-3db43a1811e7,201072
414,a4116666-d295-4443-a174-0acc283f92c4,29907
415,a41202e6-173c-477c-8b4d-e0688ee1c4cb,8982
416,a4157949-6f2a-40e2-b960-63f6e2bde918,37485
417,a43aa46b-bd16-47fe-bc3e-19a052624e79,8444
418,a49d9109-1d0c-4b36-8139-19aa9a83428c,2346
419,a4e89c26-e8d4-4471-9b06-16a1405880f0,27454
420,a51c6ece-5731-4128-8c1e-5060e80c69e4,27203
421,a56f1a6b-071c-4780-9832-33ca9b8fb391,67533
422,a59ba9fa-1407-4f15-8c56-d3637421570d,28028
423,a5b5d1f3-dd8b-44f6-a685-15f0f741c062,20162
424,a5d5c529-8a1f-40b5-bda3-35208970070d,49417
425,a5d95a42-0137-496f-8a60-101e17f263c8,1324
426,a6388a6f-6076-401b-9b30-7d4306a20035,30789
427,a65bcc2d-4243-44c1-a262-ab7dcddfcf86,810
428,a6858c10-c52a-4a1d-bc12-a90dbd51ca66,64091
429,a68b64d8-aee3-4947-81b7-36b8fe5a44d2,82478
430,a7b4f565-691d-43ea-bf4a-d2d1d52bb4b4,27111
431,a84face4-eb30-4f43-994f-c6a13a097808,34078
432,aa633105-e8e5-4dcc-b72d-6da6c191b3e9,172175
433,aad97cb5-f375-45ef-ae9d-178e7f5d5180,11617
434,ab5b2256-b209-48b5-a801-c5d9a8c0de56,8193
435,ac0fee7e-0999-4319-b244-20278e1ff2fb,148532
436,ac2fea99-ce08-4fca-8d03-a19f37bf21a3,20556
437,acae7679-d077-461c-b857-ee6ccfeb267f,39147
438,acf818eb-f6d2-42b9-bb1d-475aa9cff2bb,2798
439,adda0684-f8ea-4403-b393-2a25607077c4,14226
440,ae29ebd0-1973-40a4-a6af-d15a5f77a80f,216611
441,ae4f8ddd-cac9-4172-9681-2175da462f2e,457965
442,ae5341b8-60fb-4fac-86db-86e49ee66287,14783
443,af8b241a-c72c-4470-b1a4-80e7336c6ab6,4335
444,b03e4ef8-4e6b-47f4-84a7-e8ed033d08cd,105790
445,b07e5164-baf6-43d2-bdba-5a249d0da879,2126
446,b07fb54c-d7ad-4995-8bb0-8f3d8611cabe,87947
447,b0e547f0-462b-4f81-b31b-5b0a5d96f537,1058909
448,b165f033-9dec-468a-9248-802fc6902a74,888263
449,b1d37bbd-9ae4-4404-b2f9-f2fe66750e4e,23640
450,b25f3834-69b3-4d87-a272-3938432d1f30,1074
451,b2dda353-0c96-42df-8dcd-1ea7429a6feb,69174
452,b3a5a10f-b1cb-4e8e-abce-bf345448625b,31586
453,b3be4624-0723-4f1d-846c-d31025da3718,52482
454,b3d060c6-bbd7-4db0-9ef7-9df42475875a,37502
455,b410249d-3a76-49b2-9f6f-7dede0481af6,30482
456,b46237d1-19c6-4af2-9335-9854634bad16,62849
457,b47cf863-d90d-4fe5-a1eb-1a4785a3e329,2951
458,b550fd94-97e0-42e2-90f7-7434781ea2f8,11127
459,b6203114-e133-458a-aed5-eed1028378b4,7805
460,b62f728b-a7eb-4889-8162-b3d457de93b9,43485
461,b693123e-95e6-4331-8b50-f367489a767e,77536
462,b74100ea-1a1a-486a-9cad-70ae44150935,289193
463,b8681124-aabf-4904-b9c9-66d834bf5bba,13382
464,b8920ef5-7d22-497b-abca-a7a9eb76d79a,18154
465,b94e3bdf-a385-49cc-b312-7a63cc28b77a,5970
466,bab7432a-5cfe-45ea-928c-422d03c45cdd,180956
467,babbf9f3-f482-45a5-ba76-c41f4c2f503e,19768
468,bac09168-940b-4b11-8d55-b4955f80b98d,12461
469,bbd16004-09e8-4b6c-b465-73ff83a52837,4144
470,bc260987-8ee5-4b6e-8773-72805166b3f7,98068
471,bc2a7b3d-f04e-477e-96c9-9d5367d5425c,109995
472,bc7260e0-54cf-4b0b-823d-93f5b850f757,22125
473,bcdec5fa-a7fa-4806-92bc-0cd02f40242f,28758
474,bd3e3487-c1e6-4298-b9de-8bdcf3f938d7,7025
475,bd65a70f-b274-4133-b9dd-0d1431b6af34,167283
476,bd6b68e8-179a-42f0-9bde-b4fdf7d34dd1,14411
477,bdacc907-7c26-419f-8808-969eab3ca2e8,3799
478,bdb26abd-f4ba-4ea3-8862-c2340e7a4f55,227671
479,bdf69f8d-5a96-4d6f-a9f5-9ee0e33597b7,2576
480,be35c935-ee4f-475c-9d3c-97630d59a735,416825
481,be39785b-67cb-4177-be19-a40ee3747e45,20509
482,be401db3-d732-408a-b0c4-71af0458b8ab,135462
483,be41a86a-b606-4b1c-8055-32f334898775,265767
484,be884a28-0eac-4eca-9c23-1294a93cf56e,35637
485,bf176af2-4432-4391-9b35-e21bd86ca4f8,6289
486,c05e6940-729c-47bd-a2a6-6ce3730c4919,45528
487,c05fb583-eb2f-4e3a-8e74-f9bd6414e418,13165
488,c19275f5-739e-4796-ad5d-b0830b760db1,16418
489,c202b243-1aa1-4b16-bc9a-b36241f3b1e3,109452
490,c2876b1b-06d8-4d96-a56b-5304f815b99a,1226855
491,c2a461b1-0c15-4047-9fcb-1f966fe55100,97499
492,c2aad8fc-b63b-4f9b-9cfd-baf7bc9c1771,37642
493,c3aa4f95-7a18-4a7d-8dd8-ca324d714363,638941
494,c3d381b2-3104-444e-8ad5-d3524407bbb6,1875
495,c3fe3c1e-5bf8-4678-b74a-79899243ad41,28702
496,c42c8ad3-9761-49e5-b9bf-ee8ebd50416f,4154
497,c4b03352-af8d-492a-8d6b-40f304e0a122,152189
498,c4dd26a8-d956-4bee-a233-44b573f2ce27,11265
499,c52de62a-058d-4d78-a464-bdf552378f43,8345
500,c5cfa2b7-abb1-4a50-908f-707b54ca606b,14094
501,c5d88abe-f23a-45fa-a534-788985e93dad,264824
502,c6413315-7158-46c5-a5fd-7228385694f1,59738
503,c76098ba-eed3-45b1-98f2-96fcac55ed18,35889
504,c7775e88-49bf-4ba2-a03b-93f00447c958,647366
505,c7856243-c59a-4b70-8ce7-25b94c2d9da1,14352
506,c874f155-9bf9-4928-b821-f52c876b3e48,4603
507,c888b684-6c51-431f-972a-6c963044cef0,338564
508,c893ddc3-f25b-45e2-8c9e-155918b4261c,98848
509,c8d40d53-387b-48f2-9f89-72bfdb9c7c9f,52638
510,c8f83821-a242-4ed7-86e9-7da077f5d348,3596
511,ca20e2ac-5676-4158-b5d0-0c2b15898b19,33968
512,ca46ffe6-0a26-4d8d-82fa-81722daf1102,166149
513,cab0bc48-744c-461b-aaf4-7bf2cb7af00d,5080
514,cac02b79-9f54-4668-9235-60d3b76a4197,14285
515,caf8670f-e647-4f0c-bfba-163aa84ce602,78396
516,ccfdcad0-7104-46b9-addf-fd66a2a15907,34723
517,cd4c96bb-ad66-4e83-ba9e-a7df8790eb12,49057
518,cd77258f-b08b-4c89-b93f-6e6f146b1a4d,8362
519,cda2c8cd-be1c-42e5-b2cd-162caa1c4ce7,255901
520,cda48edf-331d-4ada-96ea-104ccb3147dd,22734
521,cdefb878-7f00-4b9d-9eda-b3652cfac0c8,1641
522,ce009dc1-ac57-4386-b72f-5c575701c253,2834
523,cec9f9a5-8832-437d-99af-fb8237cde54b,1777
524,cee11228-9f0b-4e57-afe2-cfe15ee56312,34004
525,cf83c98a-3791-4537-bbde-a719f6d73c13,128588
526,cfa3c355-ee77-4fc8-9a00-78e61d23024c,4355
527,cfa755c1-48c5-4336-94f4-aa95eca4fbd5,7689
528,d01c9dff-abd1-4825-bf30-2eb2ba74597e,92969
529,d02287f3-408b-438d-9131-999e460cbd0e,36941
530,d0c12af4-c0e4-4c7b-873a-70752b449689,318656
531,d0ea3ec4-0f3b-4649-9146-1c0b5f303a55,17996
532,d1207c81-7309-43a7-a5a0-f4283670b62b,26134
533,d1cbed97-d88f-4954-8925-13302fe30b39,15481
534,d224c8e0-c28e-4360-9e42-b3977cd83f9f,8030
535,d2514440-d747-4d8d-b2c7-b58ef8b71fbe,48856
536,d288b10a-643e-44bd-b451-96e9588b2ee5,39053
537,d2b5efc1-14c6-4b5f-bd98-40f9084872d7,36886
538,d2fc9880-e6d3-4922-af5c-61f4f517adfa,99369
539,d319af7f-be2e-441e-8caa-3b8a88480e89,11404
540,d3566d6a-a455-4a15-980f-45eb29114cab,15502
541,d3a83885-5198-4b04-8314-b753b66ef9a8,19037
542,d41f45c1-1b7b-4573-a998-ac5c5acb1647,82991
543,d4cfefa0-3a35-44eb-b848-d7a725b481e7,9778
544,d4e69e01-3ba2-4d6b-a15d-e7048f78f22e,486134
545,d5452b83-7c3d-4d7c-ab7a-c7fece7196c5,8077
546,d567b692-c374-4628-a508-8008f6778f22,493236
547,d582f63a-3c88-4e38-8cd3-8682dbe40f64,34919
548,d5c67a4e-a8d9-456d-a273-fa01adb1b308,19694
549,d6505c89-c43d-4c28-8c4f-7351a5fd5528,1775529
550,d6a5b240-cc8f-45c1-ad36-2fc291e15e8e,25875
551,d6dfdef1-406d-4efb-808c-3c5eddbfe0cb,57723
552,d77ec7d6-ef2e-49d6-9e79-05b7f8881484,16375
553,d7d7e89c-c93a-422d-8958-9b4a90b69558,16901
554,d7dcfd8f-2ee7-4385-b9ac-e074c23ed190,27197
555,d8732da6-8d1d-42d9-b625-f2416c30054b,9522
556,d87f3f91-dca4-494b-8993-c4e3008a8fa5,81879
557,d8da613f-e681-4c69-b463-e94f5e66847f,116313
558,d95ab381-2b7c-4885-b168-0097ed4e397f,1378
559,d967b47c-a9e6-4337-b2f4-977f690cb67f,52309
560,d9b4bc69-ed90-4f5f-99b2-61b0681ba436,20000
561,da684768-fb01-455b-9f0f-b63a3e2f844f,2303
562,da75ce6d-a395-4abd-962b-267aadb99666,16338
563,db0752b9-f20e-40b8-8997-992f3ae0bb2e,55348
564,db1d2c1b-2ee1-45d5-9d53-69a327cd77e6,31065
565,db59611b-42de-4035-93aa-1ed39f38b467,11574
566,dbf0bd35-87f8-4b25-bc90-a3c54f379907,3434
567,dc30c3ec-46d6-4cd8-8ec1-b544a3d0f503,17799
568,dd018fc0-8da7-4033-a2ba-6b47de8ebb4f,42127
569,dd03ce70-3243-4c96-9561-330cc461e4d7,23732
570,ddb22b3d-a75c-4dd1-9730-dff7fc8ca530,73295
571,de104f7e-14fa-4795-bd19-b5ee2c1563e0,40269
572,de17ac25-550a-4018-be75-bbb485a0636e,395
573,de2c780c-1747-40bd-9ccf-9588ec186cee,59572
574,de94c504-4b58-4f42-b68d-74a8e4892f0e,15243
575,de985818-285f-4f59-9dbd-d74968fddba3,31696
576,dea1aa78-c0a2-413f-b375-f91cce49e4d0,104097
577,dea717d4-7bc0-4e46-950f-fd7e1cc8df7d,225177
578,df287f8d-f50d-4620-ab96-489d559e6adc,1295
579,dfdf1ae2-d624-4004-9353-f18b902f6bca,40821
580,e006d4e3-35fa-44b4-9981-09a66c4322e5,4211
581,e04daea4-4412-45b5-989e-76a9be070a89,9409
582,e067e5ca-e53e-485f-aa8e-efd5435229c8,39176
583,e1f595f6-ba2c-495e-9bee-7056f116b1e4,107301
584,e22482ee-19e8-40bc-9f6e-541dc3c82c20,54753
585,e22c2ab4-c025-4804-b7a3-0b0ebd48c87a,5156
586,e2808a6e-e2ea-41b9-b38c-4a08f1677f02,139054
587,e2a3c32d-71e2-4f38-b19c-dfcb8729cf46,24544
588,e347396c-a7ff-4691-9f7a-99a43555ca18,1417
589,e40c6272-af77-4a10-9385-62a398884f27,65088
590,e4710a02-8abc-48d5-a3e8-9ae7e9d79bdb,222434
591,e47c65a8-7d2f-48b8-908e-04ea6505fa26,83651
592,e4ddac12-f48f-4455-8e8d-c2a48a683437,129495
593,e500acbf-f166-4c46-b290-f93506cf26d3,37428
594,e5233a94-9e43-418c-8209-6f1400c31530,146583
595,e5b1115b-a486-49bb-bda3-8261822836e0,35359
596,e5c63d94-593c-4338-a489-e1048599e751,24583
597,e5f5d954-cf0e-4bd8-9346-8d1ddf15a08b,2487
598,e6361237-ac4e-4c5d-ad8f-f16aca0c0a8f,66719
599,e6a11140-2545-46bc-929e-da243eed2cae,11505
600,e6b2ce27-681b-4409-a053-2681875936e5,40144
601,e6dad530-418b-47f9-af6e-472e56a7b314,100055
602,e763ed0d-0e5a-4b8e-9514-6da3d9e47956,7274
603,e7c5ba7e-4be0-4696-af50-a07d0dc7aac5,152189
604,e84f2780-51e8-4cfa-8aa0-13bbfef677c7,167598
605,e8681d74-ac9e-4be5-be14-1cf1bbd54dd7,31307
606,e871881f-b42d-4500-906d-0972a14ba47d,20515
607,e8a11a27-9c47-4673-b65d-11b9cd6065e1,9096
608,e8ac3386-31d4-48ba-aa70-1bae0cf020e7,19385
609,e9175006-8978-4417-939f-819855eab80e,14072
610,ea01c125-67a7-4bd3-a8b0-e1b53a011b7e,4636
611,ea426edb-4e86-4c53-ab17-5b952d94a31e,2113
612,ea786a06-5855-48b7-80d7-0313a21a2044,4792
613,ebc2e1ff-c8f9-466a-acf4-9d291afaf8b3,836148
614,ec6ceff8-c8bc-488d-b6bf-30df2fa92169,67110
615,ecce9688-66ea-4600-98f7-84aed7421c01,124917
616,ecd9230d-c571-4dab-abd3-8b54c74833f0,46453
617,ecf2e08e-2032-4a9e-b466-b65b395f4a02,67070
618,ed11cc3e-2947-407c-883c-c53b043917c3,8573
619,ed2b673b-0279-454a-998c-3eec361edf54,142816
620,ed33c203-233a-476a-a56b-28da945fdd32,32638
621,ed419b4e-db9b-40f1-8593-68fdf8dfb076,18011
622,ed5d841d-6346-47d4-ab2f-7119ad7e3a35,161764
623,ed852810-a003-4386-9846-1638362cee39,40868
624,ed9e9f96-4f08-49d2-bef5-b2c29adf3edc,5696
625,edc8d3fe-153c-4e3d-8be0-2108d30f8d70,236977
626,ee195b7d-184d-4dfa-9b1c-51a7e601ac11,5200
627,eeacb0c1-2217-4cf6-b8ce-1f0fedf1b569,9337
628,eec3e37d-ed41-4881-bc6e-aaf39a2c6eb0,38660
629,eec804b9-2ae5-44f0-a1b5-d721e21257de,1324
630,f01bdd17-4902-40f5-86e3-240d66dd2587,27199
631,f0f0d7c4-3bec-428e-9539-c99d36548d96,195739
632,f156606a-dd9a-49fd-bc40-0e069b6cf07c,9852
633,f15e263b-6544-46cb-a46e-e33ab7ce8347,19722
634,f16f4108-7873-4035-9989-3748da1a7ff1,4720
635,f171db61-e57e-4535-a06a-35d8b6ef8f2b,31497
636,f1f123cc-ca2c-460f-b7f1-88240efb1e82,9471
637,f20f44ef-a0d4-4d94-87de-037fd47141f0,18728
638,f32c2c13-bb1a-4ffd-a457-60b64ecfa4cb,116576
639,f3565fda-499a-4d20-bd92-563c09954c42,24155
640,f502c312-05dc-4fd4-a762-92a63e92b539,31230
641,f512b8b6-369d-4a85-a695-116e0806857f,68036
642,f54647ec-0c03-4775-8dac-5a477c10a3f5,8753
643,f5a04dff-d394-4023-8811-65494e8bb11d,34416
644,f5b0810c-1664-4a62-ad06-be1d9964aa8b,110752
645,f5be4b96-f5a3-4c3d-84ac-6f69daf744d5,14903
646,f5be9ed2-5d41-4a52-91e4-4ff24ff84900,34323
647,f64e1be1-de15-4d27-8da4-82225cd4c035,73047
648,f67f2cfa-ba45-4f77-8e26-64a15f666043,8463
649,f6d9f2ad-5ec7-4d53-b7f0-ceb0e7bcd181,6877
650,f6dafdd1-d746-407e-8019-4470e02d4cbd,3699
651,f72958f5-7f42-4ebb-98da-445b0c6de516,584884
652,f75f2ff4-2884-4c2d-b375-70de37a34507,3799
653,f7995301-7551-4e1d-8396-ffe3c9497ace,311418
654,f7a068f1-0fdb-48e8-8029-db870ff11d9e,10980
655,f7c1c579-2dc0-47e2-ba19-8165c5a0e353,4062980
656,f7d003d4-40d5-4de8-858c-a9a8b48fcc67,155025
657,f7ec7bd5-04ab-453b-a8a7-c9d14812affb,32926
658,f801b7a9-80a6-4d09-9161-71474deb58ae,6044
659,f8c77961-67a7-4161-b8c2-61c3f917b54f,6101
660,f8d8b443-bca6-4c3c-9042-669dfb7f8030,33041
661,f8dda921-5fb4-4c94-a654-c6fc346bfd6d,31899
662,f9034091-2e8f-4ac6-9874-e7b7eb566824,23120
663,f9846bb4-784d-4582-92c1-3f279e4c6f0c,39204
664,f9ad5649-f372-43e1-a3a8-423383e5a8a2,8168
665,fa27492b-82ff-4ab7-ac61-0e2b184eee67,1001288
666,fa554686-fc07-44dd-b2de-b726d82d26ec,29674
667,fa8605cf-f27e-44af-ac2a-476bee4410d3,59506
668,faed4f71-6b50-4fc7-bd1c-8f385dccfdce,3951
669,fbf173f9-f809-4d84-9b65-ae205d35b523,17660
670,fc0ceb80-d2d9-47c1-9d78-b0e45c64c500,1772
671,fd072bc3-2dfb-46f8-b4e3-467cb3223182,908046
672,fd89be61-2869-4342-a86e-e1fce3a8f269,17622
673,fe1a73ab-a203-45fd-84e9-0f7fd19efcbd,35285
674,fe4b89d5-461e-440c-a5a8-621b37b122c0,154136
675,fe52003e-1460-4a65-a213-2bb1a508332f,51552
676,ff45e623-7f5f-46e3-b47d-56be0341f66b,13497
677,ff7d15fa-f4b6-4a0e-992e-fd0c9d088ded,28051
