bc_wells,subcluster
04_01_03,D7_1
04_01_10,D7_1
04_01_16,D7_1
04_01_21,D7_2
04_01_27,D7_1
04_01_47,D7_1
04_01_60,D7_2
04_02_05,D7_1
04_02_16,D7_3
04_02_44,D7_2
04_02_46,D7_4
04_02_60,D7_1
04_02_71,D7_2
04_02_72,D7_1
04_03_23,D7_2
04_03_28,D7_3
04_03_37,D7_2
04_03_67,D7_3
04_03_94,D7_1
04_04_24,D7_1
04_04_39,D7_2
04_04_56,D7_1
04_04_65,D7_1
04_04_72,D7_2
04_04_86,D7_2
04_05_18,D7_4
04_05_27,D7_2
04_05_29,D7_4
04_05_92,D7_2
04_06_16,D7_4
04_06_49,D7_3
04_06_71,D7_1
04_06_74,D7_4
04_06_80,D7_1
04_07_10,D7_1
04_07_13,D7_4
04_07_37,D7_1
04_07_48,D7_3
04_07_54,D7_2
04_08_34,D7_1
04_08_86,D7_2
04_09_69,D7_1
04_10_15,D7_4
04_10_24,D7_1
04_10_30,D7_2
04_10_45,D7_1
04_10_76,D7_1
04_10_85,D7_2
04_10_86,D7_2
04_10_87,D7_1
04_10_89,D7_1
04_10_90,D7_2
04_11_16,D7_1
04_11_17,D7_1
04_11_26,D7_4
04_11_45,D7_4
04_11_65,D7_2
04_11_88,D7_4
04_12_04,D7_1
04_12_08,D7_2
04_12_30,D7_4
04_12_35,D7_2
04_12_50,D7_1
04_12_83,D7_2
04_13_04,D7_1
04_13_05,D7_1
04_13_07,D7_2
04_13_14,D7_1
04_13_20,D7_1
04_13_50,D7_1
04_13_67,D7_1
04_14_13,D7_1
04_14_19,D7_2
04_14_44,D7_2
04_14_71,D7_1
04_14_75,D7_3
04_14_87,D7_4
04_15_01,D7_1
04_15_06,D7_4
04_15_23,D7_2
04_15_34,D7_1
04_15_37,D7_1
04_15_41,D7_3
04_15_73,D7_2
04_15_82,D7_3
04_15_85,D7_1
04_16_25,D7_2
04_16_51,D7_1
04_16_56,D7_1
04_17_23,D7_2
04_17_74,D7_2
04_17_96,D7_1
04_18_06,D7_4
04_18_31,D7_2
04_18_73,D7_1
04_18_86,D7_2
04_18_89,D7_1
04_18_92,D7_2
04_19_09,D7_2
04_19_29,D7_2
04_19_32,D7_1
04_19_64,D7_2
04_19_87,D7_1
04_19_95,D7_1
04_20_31,D7_1
04_20_36,D7_1
04_20_38,D7_1
04_20_39,D7_4
04_20_43,D7_4
04_21_08,D7_2
04_21_28,D7_2
04_21_36,D7_1
04_21_67,D7_4
04_21_73,D7_1
04_21_94,D7_1
04_22_05,D7_4
04_22_32,D7_4
04_22_41,D7_2
04_22_55,D7_1
04_22_58,D7_1
04_23_43,D7_4
04_23_53,D7_1
04_23_54,D7_1
04_23_86,D7_4
04_23_95,D7_1
04_24_02,D7_4
04_24_04,D7_1
04_24_08,D7_1
04_24_16,D7_4
04_24_19,D7_1
04_24_22,D7_1
04_24_23,D7_2
04_24_36,D7_1
04_24_48,D7_1
04_24_52,D7_1
04_24_54,D7_1
04_24_59,D7_3
04_24_71,D7_3
04_24_79,D7_4
04_24_83,D7_2
04_24_85,D7_3
04_24_93,D7_1
04_25_03,D7_4
04_25_07,D7_3
04_25_18,D7_1
04_25_53,D7_2
04_25_60,D7_1
04_26_01,D7_4
04_26_04,D7_1
04_26_50,D7_1
04_26_63,D7_4
04_27_17,D7_1
04_27_30,D7_1
04_27_36,D7_1
04_27_67,D7_1
04_28_62,D7_1
04_28_67,D7_2
04_28_73,D7_2
04_28_76,D7_3
04_29_48,D7_2
04_29_93,D7_1
04_30_42,D7_2
04_30_51,D7_1
04_30_67,D7_1
04_30_86,D7_3
04_31_04,D7_1
04_31_24,D7_4
04_31_41,D7_1
04_31_65,D7_1
04_32_43,D7_1
04_32_44,D7_3
04_32_51,D7_2
04_32_75,D7_4
04_32_87,D7_1
04_32_93,D7_4
04_33_19,D7_1
04_33_21,D7_2
04_33_43,D7_1
04_33_52,D7_1
04_33_65,D7_2
04_34_02,D7_4
04_34_10,D7_2
04_34_16,D7_4
04_34_24,D7_1
04_34_31,D7_1
04_34_44,D7_2
04_35_03,D7_1
04_35_29,D7_3
04_35_36,D7_1
04_35_39,D7_2
04_35_54,D7_3
04_35_96,D7_4
04_36_04,D7_1
04_36_64,D7_1
04_36_93,D7_2
04_37_26,D7_1
04_37_27,D7_4
04_37_64,D7_1
04_37_67,D7_2
04_38_01,D7_2
04_38_14,D7_1
04_38_18,D7_4
04_38_30,D7_1
04_38_45,D7_1
04_38_69,D7_4
04_38_84,D7_1
04_38_85,D7_1
04_39_07,D7_1
04_39_31,D7_2
04_39_41,D7_1
04_39_66,D7_3
04_39_67,D7_1
04_39_68,D7_1
04_40_09,D7_3
04_40_10,D7_1
04_40_16,D7_2
04_40_20,D7_3
04_40_23,D7_4
04_40_30,D7_1
04_40_36,D7_1
04_40_50,D7_3
04_40_56,D7_2
04_40_59,D7_1
04_40_63,D7_4
04_40_73,D7_4
04_40_92,D7_1
04_40_96,D7_3
04_41_52,D7_4
04_41_55,D7_4
04_41_62,D7_2
04_41_84,D7_1
04_41_87,D7_2
04_42_89,D7_1
04_43_28,D7_1
04_43_46,D7_3
04_43_62,D7_1
04_43_64,D7_1
04_43_72,D7_4
04_43_76,D7_1
04_43_82,D7_1
04_44_11,D7_2
04_44_31,D7_2
04_44_65,D7_1
04_44_69,D7_2
04_44_81,D7_3
04_44_86,D7_1
04_44_88,D7_2
04_45_13,D7_1
04_45_78,D7_4
04_45_80,D7_4
04_45_95,D7_1
04_46_34,D7_4
04_46_49,D7_1
04_46_62,D7_1
04_46_92,D7_1
04_47_20,D7_1
04_47_43,D7_4
04_47_71,D7_3
04_47_73,D7_4
04_47_89,D7_1
04_47_92,D7_3
04_48_03,D7_2
04_48_17,D7_4
04_49_02,D7_2
04_49_07,D7_4
04_49_11,D7_1
04_49_16,D7_1
04_49_46,D7_2
04_49_49,D7_3
04_49_54,D7_4
04_49_61,D7_1
04_49_63,D7_1
04_49_73,D7_4
04_49_85,D7_4
04_49_87,D7_1
04_49_90,D7_1
04_50_05,D7_3
04_50_35,D7_1
04_50_59,D7_4
04_50_76,D7_1
04_50_80,D7_1
04_51_19,D7_4
04_51_20,D7_1
04_51_21,D7_1
04_52_05,D7_1
04_52_09,D7_2
04_52_44,D7_2
04_52_47,D7_2
04_52_62,D7_2
04_52_88,D7_1
04_53_30,D7_2
04_53_41,D7_1
04_53_51,D7_1
04_53_79,D7_1
04_53_87,D7_1
04_54_12,D7_4
04_54_32,D7_1
04_54_38,D7_3
04_54_44,D7_3
04_54_52,D7_1
04_55_08,D7_4
04_55_10,D7_4
04_55_26,D7_4
04_55_36,D7_1
04_55_41,D7_1
04_55_49,D7_4
04_55_57,D7_1
04_56_11,D7_1
04_56_39,D7_1
04_56_47,D7_1
04_56_56,D7_1
04_56_72,D7_4
04_56_93,D7_2
04_57_10,D7_1
04_57_84,D7_4
04_57_92,D7_2
04_58_33,D7_2
04_58_67,D7_4
04_59_24,D7_1
04_59_27,D7_3
04_59_56,D7_4
04_59_65,D7_2
04_60_17,D7_2
04_60_47,D7_1
04_61_02,D7_1
04_61_29,D7_4
04_61_31,D7_2
04_61_45,D7_2
04_61_60,D7_2
04_61_76,D7_1
04_61_82,D7_1
04_61_91,D7_3
04_62_90,D7_4
04_63_04,D7_1
04_63_30,D7_1
04_63_51,D7_4
04_63_55,D7_1
04_63_85,D7_4
04_64_05,D7_1
04_64_14,D7_1
04_64_18,D7_4
04_64_72,D7_1
04_64_77,D7_1
04_65_39,D7_1
04_65_90,D7_1
04_66_36,D7_3
04_66_41,D7_2
04_66_45,D7_1
04_66_90,D7_1
04_67_56,D7_3
04_67_61,D7_4
04_68_04,D7_1
04_68_07,D7_4
04_68_18,D7_1
04_68_24,D7_1
04_68_34,D7_4
04_68_55,D7_2
04_68_96,D7_1
04_69_37,D7_2
04_69_43,D7_4
04_69_71,D7_2
04_70_24,D7_4
04_70_70,D7_2
04_70_89,D7_4
04_71_12,D7_1
04_71_13,D7_1
04_71_21,D7_1
04_71_28,D7_1
04_71_44,D7_2
04_71_67,D7_1
04_71_76,D7_1
04_71_90,D7_1
04_72_37,D7_2
04_72_48,D7_3
04_72_90,D7_1
04_73_04,D7_3
04_73_17,D7_1
04_73_86,D7_1
04_73_90,D7_3
04_74_18,D7_2
04_74_19,D7_3
04_74_35,D7_1
04_74_43,D7_1
04_74_44,D7_1
04_74_45,D7_1
04_74_51,D7_1
04_75_04,D7_3
04_76_87,D7_1
04_76_89,D7_2
04_77_11,D7_4
04_77_18,D7_1
04_77_21,D7_2
04_77_26,D7_1
04_77_29,D7_4
04_77_31,D7_2
04_77_73,D7_4
04_77_78,D7_2
04_78_05,D7_1
04_78_31,D7_1
04_78_86,D7_1
04_79_31,D7_2
04_79_47,D7_4
04_79_53,D7_3
04_79_71,D7_1
04_79_89,D7_1
04_79_95,D7_1
04_79_96,D7_2
04_80_21,D7_1
04_80_23,D7_2
04_80_43,D7_1
04_80_70,D7_2
04_80_78,D7_1
04_81_52,D7_1
04_81_56,D7_3
04_81_74,D7_1
04_81_75,D7_3
04_82_31,D7_4
04_82_69,D7_1
04_82_75,D7_2
04_82_84,D7_1
04_82_85,D7_3
04_82_93,D7_2
04_83_23,D7_1
04_83_38,D7_1
04_83_40,D7_4
04_83_56,D7_3
04_83_60,D7_1
04_83_92,D7_1
04_83_94,D7_2
04_84_76,D7_2
04_85_22,D7_2
04_85_88,D7_1
04_86_40,D7_2
04_86_47,D7_1
04_86_63,D7_1
04_87_08,D7_1
04_87_24,D7_4
04_87_50,D7_4
04_87_68,D7_4
04_87_81,D7_2
04_88_04,D7_1
04_88_14,D7_2
04_88_15,D7_1
04_88_17,D7_4
04_88_20,D7_3
04_88_41,D7_1
04_88_42,D7_1
04_88_46,D7_3
04_89_06,D7_1
04_89_53,D7_2
04_89_77,D7_3
04_89_80,D7_1
04_89_88,D7_1
04_89_91,D7_3
04_90_05,D7_2
04_90_48,D7_1
04_91_03,D7_1
04_91_27,D7_1
04_91_29,D7_2
04_91_58,D7_2
04_91_69,D7_1
04_91_95,D7_1
04_92_25,D7_2
04_92_37,D7_1
04_92_52,D7_4
04_92_61,D7_1
04_92_94,D7_1
04_93_04,D7_1
04_93_24,D7_1
04_93_28,D7_3
04_93_30,D7_4
04_93_89,D7_1
04_94_07,D7_1
04_94_14,D7_1
04_94_39,D7_1
04_94_79,D7_1
04_94_81,D7_2
04_94_88,D7_4
04_94_93,D7_2
04_95_13,D7_2
04_95_39,D7_1
04_95_50,D7_1
04_95_54,D7_2
04_95_55,D7_3
04_96_96,D7_1
05_01_08,D7_1
05_01_15,D7_1
05_01_25,D7_4
05_01_26,D7_2
05_01_35,D7_1
05_01_58,D7_1
05_01_61,D7_4
05_02_59,D7_3
05_02_66,D7_2
05_02_70,D7_1
05_02_78,D7_2
05_02_82,D7_1
05_02_96,D7_1
05_03_01,D7_2
05_03_15,D7_1
05_03_18,D7_3
05_03_26,D7_1
05_03_36,D7_4
05_03_40,D7_2
05_03_73,D7_4
05_03_84,D7_2
05_03_85,D7_4
05_03_88,D7_1
05_04_11,D7_4
05_04_43,D7_2
05_04_52,D7_1
05_04_63,D7_2
05_04_75,D7_3
05_04_93,D7_4
05_05_16,D7_1
05_05_28,D7_2
05_05_43,D7_1
05_05_55,D7_2
05_05_56,D7_1
05_05_64,D7_1
05_05_71,D7_4
05_05_90,D7_2
05_06_45,D7_1
05_06_76,D7_2
05_06_80,D7_4
05_06_91,D7_1
05_07_05,D7_1
05_07_15,D7_1
05_07_18,D7_2
05_07_46,D7_1
05_07_84,D7_1
05_07_96,D7_4
05_08_20,D7_1
05_08_28,D7_3
05_08_52,D7_1
05_08_61,D7_1
05_08_79,D7_1
05_09_29,D7_1
05_09_46,D7_2
05_09_73,D7_4
05_09_82,D7_4
05_10_04,D7_1
05_10_18,D7_1
05_10_31,D7_1
05_10_58,D7_1
05_10_67,D7_2
05_11_06,D7_1
05_11_17,D7_4
05_11_68,D7_1
05_12_03,D7_1
05_12_10,D7_1
05_12_22,D7_1
05_12_27,D7_1
05_12_41,D7_1
05_12_53,D7_1
05_12_66,D7_1
05_13_45,D7_1
05_13_51,D7_1
05_13_87,D7_2
05_14_03,D7_4
05_14_10,D7_4
05_14_22,D7_1
05_14_51,D7_1
05_14_73,D7_4
05_14_78,D7_2
05_14_88,D7_4
05_14_92,D7_1
05_15_09,D7_2
05_15_14,D7_1
05_15_19,D7_1
05_15_21,D7_1
05_15_25,D7_1
05_15_44,D7_4
05_15_56,D7_1
05_15_70,D7_1
05_15_86,D7_2
05_15_90,D7_2
05_15_93,D7_1
05_16_12,D7_2
05_16_37,D7_1
05_16_46,D7_2
05_16_51,D7_1
05_16_53,D7_4
05_16_59,D7_3
05_16_74,D7_4
05_16_94,D7_1
05_17_25,D7_2
05_17_29,D7_2
05_17_33,D7_1
05_17_88,D7_4
05_17_92,D7_1
05_18_06,D7_1
05_18_09,D7_4
05_18_26,D7_3
05_18_28,D7_2
05_18_62,D7_4
05_18_78,D7_2
05_18_89,D7_1
05_18_95,D7_1
05_19_05,D7_1
05_19_62,D7_1
05_19_78,D7_1
05_20_21,D7_1
05_20_32,D7_2
05_20_49,D7_1
05_20_52,D7_3
05_20_58,D7_2
05_20_71,D7_1
05_21_14,D7_2
05_21_65,D7_4
05_21_66,D7_3
05_21_89,D7_1
05_22_29,D7_3
05_22_66,D7_2
05_23_52,D7_1
05_24_02,D7_2
05_24_08,D7_4
05_24_09,D7_2
05_24_19,D7_4
05_24_22,D7_1
05_24_35,D7_1
05_24_38,D7_4
05_24_39,D7_3
05_24_47,D7_1
05_24_52,D7_4
05_24_56,D7_2
05_24_72,D7_1
05_24_78,D7_3
05_24_79,D7_4
05_24_82,D7_1
05_24_88,D7_4
05_24_91,D7_1
05_24_92,D7_1
05_25_04,D7_1
05_25_08,D7_1
05_25_10,D7_1
05_25_14,D7_4
05_25_29,D7_4
05_25_66,D7_3
05_26_05,D7_2
05_26_36,D7_1
05_26_75,D7_2
05_26_80,D7_1
05_27_01,D7_1
05_27_51,D7_1
05_27_62,D7_3
05_28_14,D7_1
05_28_21,D7_1
05_28_22,D7_1
05_28_25,D7_3
05_28_50,D7_1
05_28_94,D7_1
05_28_95,D7_1
05_28_96,D7_2
05_29_09,D7_1
05_29_20,D7_2
05_29_38,D7_2
05_29_52,D7_4
05_29_71,D7_1
05_30_43,D7_4
05_30_48,D7_4
05_30_75,D7_1
05_30_86,D7_1
05_30_94,D7_3
05_31_04,D7_2
05_31_07,D7_1
05_31_18,D7_2
05_31_27,D7_1
05_31_28,D7_1
05_31_55,D7_4
05_31_70,D7_1
05_31_73,D7_1
05_32_39,D7_4
05_32_87,D7_1
05_32_89,D7_1
05_33_02,D7_2
05_33_12,D7_4
05_33_48,D7_1
05_33_59,D7_2
05_33_61,D7_1
05_33_89,D7_2
05_33_95,D7_1
05_34_08,D7_1
05_34_28,D7_4
05_34_63,D7_1
05_34_68,D7_4
05_34_72,D7_1
05_34_81,D7_1
05_35_03,D7_1
05_35_42,D7_1
05_35_69,D7_4
05_36_06,D7_2
05_36_24,D7_2
05_36_35,D7_1
05_36_53,D7_4
05_36_57,D7_1
05_36_61,D7_1
05_36_74,D7_1
05_37_21,D7_1
05_37_39,D7_1
05_37_42,D7_1
05_37_44,D7_4
05_37_57,D7_1
05_37_60,D7_3
05_37_73,D7_1
05_37_75,D7_1
05_38_06,D7_2
05_38_14,D7_1
05_38_43,D7_3
05_38_54,D7_1
05_38_71,D7_1
05_39_04,D7_2
05_39_28,D7_4
05_39_30,D7_4
05_39_39,D7_2
05_39_42,D7_3
05_39_51,D7_2
05_39_64,D7_2
05_39_77,D7_1
05_39_80,D7_1
05_39_88,D7_4
05_40_04,D7_1
05_40_05,D7_4
05_40_12,D7_1
05_40_21,D7_2
05_40_35,D7_4
05_40_54,D7_4
05_40_67,D7_2
05_40_85,D7_4
05_40_86,D7_1
05_40_87,D7_2
05_41_01,D7_2
05_41_03,D7_4
05_41_07,D7_1
05_41_10,D7_1
05_41_25,D7_1
05_41_27,D7_2
05_41_31,D7_1
05_41_34,D7_1
05_41_36,D7_1
05_41_42,D7_1
05_41_53,D7_3
05_41_73,D7_4
05_41_74,D7_3
05_42_03,D7_4
05_42_09,D7_2
05_42_28,D7_1
05_42_42,D7_1
05_42_49,D7_4
05_42_57,D7_1
05_42_84,D7_2
05_42_86,D7_1
05_42_92,D7_4
05_43_11,D7_1
05_43_20,D7_4
05_43_25,D7_1
05_43_40,D7_4
05_43_49,D7_1
05_44_21,D7_2
05_44_34,D7_4
05_44_37,D7_1
05_44_48,D7_4
05_44_51,D7_1
05_44_53,D7_2
05_44_55,D7_4
05_44_61,D7_2
05_44_77,D7_1
05_45_95,D7_2
05_46_08,D7_4
05_46_11,D7_1
05_46_34,D7_1
05_46_79,D7_1
05_46_81,D7_1
05_46_83,D7_2
05_46_88,D7_1
05_47_22,D7_1
05_47_62,D7_1
05_47_63,D7_2
05_47_77,D7_1
05_47_90,D7_3
05_47_93,D7_1
05_47_96,D7_1
05_48_04,D7_1
05_48_25,D7_1
05_48_35,D7_1
05_48_46,D7_3
05_48_68,D7_1
05_49_12,D7_2
05_49_17,D7_2
05_49_18,D7_1
05_49_26,D7_3
05_49_27,D7_3
05_49_32,D7_1
05_50_06,D7_2
05_50_09,D7_2
05_50_12,D7_1
05_50_17,D7_1
05_50_27,D7_1
05_50_30,D7_1
05_50_31,D7_4
05_50_37,D7_3
05_50_40,D7_4
05_50_64,D7_1
05_50_86,D7_1
05_50_90,D7_1
05_50_93,D7_1
05_51_06,D7_1
05_51_09,D7_4
05_51_72,D7_4
05_52_04,D7_1
05_52_14,D7_1
05_52_15,D7_2
05_52_20,D7_1
05_52_49,D7_4
05_52_67,D7_4
05_52_76,D7_4
05_52_77,D7_1
05_52_84,D7_1
05_52_85,D7_1
05_53_08,D7_1
05_53_30,D7_4
05_53_62,D7_2
05_53_88,D7_1
05_54_38,D7_3
05_54_73,D7_1
05_55_07,D7_2
05_55_28,D7_1
05_55_35,D7_1
05_56_94,D7_1
05_57_19,D7_2
05_57_22,D7_3
05_57_50,D7_4
05_57_78,D7_1
05_58_13,D7_4
05_58_15,D7_1
05_58_43,D7_1
05_58_64,D7_4
05_58_67,D7_2
05_58_82,D7_1
05_59_20,D7_1
05_59_32,D7_4
05_59_62,D7_2
05_59_72,D7_1
05_59_73,D7_1
05_60_30,D7_2
05_60_36,D7_4
05_60_65,D7_3
05_60_68,D7_1
05_61_10,D7_1
05_61_35,D7_1
05_61_48,D7_1
05_61_54,D7_2
05_61_55,D7_2
05_61_81,D7_3
05_61_90,D7_3
05_62_09,D7_2
05_62_26,D7_2
05_62_37,D7_4
05_62_47,D7_1
05_62_56,D7_1
05_62_62,D7_2
05_62_77,D7_1
05_62_89,D7_1
05_63_12,D7_1
05_63_21,D7_2
05_63_73,D7_4
05_63_74,D7_1
05_63_79,D7_1
05_63_86,D7_2
05_64_19,D7_1
05_64_23,D7_4
05_64_34,D7_2
05_64_79,D7_2
05_65_11,D7_2
05_65_53,D7_2
05_65_54,D7_2
05_65_55,D7_1
05_65_56,D7_1
05_65_69,D7_1
05_66_06,D7_4
05_66_12,D7_4
05_66_30,D7_1
05_66_38,D7_1
05_66_42,D7_1
05_66_68,D7_3
05_66_86,D7_1
05_67_05,D7_1
05_67_27,D7_4
05_67_44,D7_3
05_67_65,D7_1
05_68_04,D7_1
05_68_12,D7_1
05_68_32,D7_1
05_68_37,D7_1
05_68_59,D7_4
05_68_63,D7_1
05_68_64,D7_2
05_68_95,D7_1
05_69_37,D7_1
05_69_85,D7_2
05_70_32,D7_1
05_70_52,D7_2
05_70_62,D7_1
05_70_64,D7_2
05_70_78,D7_1
05_70_88,D7_2
05_71_25,D7_4
05_71_28,D7_2
05_71_34,D7_1
05_71_56,D7_2
05_71_61,D7_4
05_71_78,D7_1
05_72_03,D7_1
05_72_26,D7_1
05_72_60,D7_2
05_73_15,D7_2
05_73_34,D7_2
05_73_50,D7_1
05_73_52,D7_4
05_73_63,D7_1
05_73_88,D7_1
05_74_15,D7_4
05_74_17,D7_1
05_74_24,D7_1
05_74_44,D7_1
05_74_50,D7_2
05_74_72,D7_1
05_74_82,D7_1
05_74_87,D7_4
05_74_90,D7_4
05_75_13,D7_2
05_75_20,D7_3
05_75_30,D7_1
05_75_31,D7_2
05_75_34,D7_3
05_75_37,D7_4
05_75_57,D7_4
05_75_70,D7_1
05_75_87,D7_1
05_75_93,D7_1
05_76_31,D7_1
05_76_37,D7_2
05_76_53,D7_1
05_76_59,D7_2
05_76_72,D7_1
05_76_90,D7_1
05_76_92,D7_2
05_76_96,D7_2
05_77_08,D7_4
05_77_21,D7_2
05_77_36,D7_1
05_77_40,D7_1
05_77_43,D7_2
05_77_66,D7_4
05_77_69,D7_1
05_78_03,D7_1
05_78_07,D7_2
05_78_20,D7_1
05_78_27,D7_1
05_78_58,D7_4
05_78_65,D7_1
05_78_68,D7_1
05_78_69,D7_1
05_78_80,D7_1
05_78_88,D7_1
05_79_18,D7_1
05_79_32,D7_1
05_79_34,D7_4
05_79_43,D7_1
05_79_81,D7_1
05_79_84,D7_1
05_80_23,D7_1
05_80_25,D7_4
05_80_50,D7_2
05_80_72,D7_2
05_80_76,D7_3
05_80_96,D7_1
05_81_64,D7_2
05_81_76,D7_1
05_81_86,D7_1
05_82_07,D7_4
05_82_46,D7_4
05_82_71,D7_1
05_82_85,D7_1
05_83_16,D7_3
05_83_54,D7_3
05_83_69,D7_3
05_84_04,D7_2
05_84_30,D7_1
05_85_12,D7_2
05_85_62,D7_4
05_85_65,D7_1
05_86_56,D7_1
05_86_86,D7_4
05_87_01,D7_1
05_87_09,D7_1
05_87_12,D7_3
05_87_36,D7_1
05_87_42,D7_2
05_87_51,D7_2
05_87_72,D7_2
05_87_86,D7_2
05_87_91,D7_1
05_88_16,D7_1
05_88_19,D7_2
05_88_44,D7_4
05_88_48,D7_3
05_88_88,D7_4
05_89_02,D7_1
05_89_23,D7_2
05_89_46,D7_1
05_90_22,D7_1
05_90_42,D7_1
05_90_52,D7_1
05_91_62,D7_4
05_91_66,D7_1
05_91_83,D7_1
05_92_05,D7_4
05_92_07,D7_3
05_92_14,D7_2
05_92_65,D7_1
05_92_73,D7_1
05_93_01,D7_1
05_93_02,D7_4
05_93_12,D7_1
05_93_29,D7_1
05_93_30,D7_3
05_93_75,D7_1
05_94_06,D7_2
05_94_11,D7_4
05_94_16,D7_1
05_94_22,D7_3
05_94_72,D7_3
05_94_93,D7_1
05_95_18,D7_3
05_95_35,D7_2
06_01_06,D7_4
06_01_08,D7_1
06_01_30,D7_1
06_01_40,D7_4
06_01_69,D7_1
06_01_70,D7_2
06_02_10,D7_1
06_02_26,D7_4
06_02_27,D7_4
06_02_82,D7_1
06_03_03,D7_1
06_03_26,D7_1
06_03_37,D7_1
06_03_62,D7_1
06_03_71,D7_1
06_03_78,D7_2
06_03_86,D7_4
06_03_89,D7_1
06_04_09,D7_3
06_04_13,D7_2
06_04_20,D7_2
06_04_45,D7_1
06_04_54,D7_2
06_04_58,D7_2
06_04_70,D7_3
06_04_75,D7_1
06_05_12,D7_3
06_05_27,D7_1
06_05_57,D7_2
06_05_58,D7_1
06_05_67,D7_1
06_05_84,D7_2
06_05_96,D7_1
06_06_11,D7_2
06_06_50,D7_4
06_06_78,D7_1
06_06_94,D7_4
06_07_13,D7_1
06_07_14,D7_2
06_07_56,D7_2
06_07_64,D7_1
06_07_76,D7_2
06_08_21,D7_1
06_08_30,D7_1
06_08_60,D7_2
06_08_61,D7_1
06_10_06,D7_1
06_10_21,D7_1
06_10_25,D7_4
06_10_31,D7_1
06_10_39,D7_1
06_10_47,D7_2
06_10_59,D7_1
06_10_68,D7_1
06_10_76,D7_4
06_11_46,D7_2
06_11_96,D7_2
06_12_06,D7_1
06_12_40,D7_1
06_12_42,D7_1
06_12_52,D7_4
06_12_63,D7_4
06_12_69,D7_1
06_12_75,D7_1
06_12_83,D7_3
06_12_94,D7_1
06_13_17,D7_1
06_13_27,D7_2
06_13_49,D7_4
06_14_14,D7_1
06_14_40,D7_1
06_14_48,D7_1
06_14_96,D7_4
06_15_47,D7_1
06_15_48,D7_2
06_15_91,D7_3
06_16_43,D7_2
06_16_54,D7_3
06_16_57,D7_3
06_16_81,D7_4
06_16_85,D7_1
06_17_44,D7_1
06_17_56,D7_2
06_17_85,D7_2
06_18_22,D7_4
06_18_56,D7_4
06_18_66,D7_1
06_18_75,D7_4
06_18_82,D7_2
06_18_85,D7_2
06_18_94,D7_4
06_19_06,D7_1
06_19_41,D7_2
06_20_09,D7_2
06_20_15,D7_2
06_20_52,D7_1
06_20_71,D7_1
06_21_05,D7_1
06_21_26,D7_3
06_21_91,D7_1
06_21_96,D7_1
06_22_08,D7_1
06_22_25,D7_1
06_22_59,D7_1
06_22_63,D7_1
06_22_72,D7_1
06_22_94,D7_1
06_23_27,D7_3
06_23_31,D7_3
06_23_40,D7_1
06_23_70,D7_1
06_23_91,D7_1
06_24_19,D7_1
06_24_31,D7_3
06_24_34,D7_1
06_24_36,D7_4
06_24_37,D7_1
06_24_40,D7_1
06_24_60,D7_4
06_24_62,D7_1
06_24_74,D7_4
06_25_09,D7_4
06_25_15,D7_4
06_25_31,D7_2
06_25_39,D7_1
06_25_44,D7_1
06_25_51,D7_2
06_25_56,D7_1
06_25_70,D7_1
06_25_73,D7_1
06_26_27,D7_1
06_26_51,D7_2
06_26_64,D7_1
06_26_91,D7_1
06_27_01,D7_1
06_27_28,D7_1
06_27_49,D7_1
06_27_60,D7_4
06_27_62,D7_1
06_27_64,D7_1
06_27_86,D7_1
06_28_07,D7_4
06_28_21,D7_4
06_28_56,D7_1
06_28_83,D7_2
06_29_01,D7_2
06_29_25,D7_2
06_29_36,D7_1
06_29_49,D7_2
06_29_60,D7_4
06_29_89,D7_2
06_29_94,D7_1
06_30_05,D7_1
06_30_11,D7_1
06_30_38,D7_2
06_30_63,D7_3
06_30_65,D7_1
06_30_70,D7_1
06_30_78,D7_1
06_31_48,D7_3
06_31_52,D7_3
06_31_65,D7_2
06_31_79,D7_2
06_31_90,D7_3
06_32_10,D7_2
06_32_42,D7_1
06_32_45,D7_2
06_32_52,D7_1
06_32_64,D7_1
06_32_67,D7_2
06_32_72,D7_1
06_32_73,D7_2
06_33_28,D7_2
06_33_59,D7_3
06_33_94,D7_2
06_34_20,D7_1
06_34_57,D7_1
06_34_86,D7_4
06_35_21,D7_2
06_35_57,D7_3
06_35_60,D7_1
06_35_88,D7_3
06_36_01,D7_4
06_36_19,D7_1
06_36_31,D7_2
06_36_37,D7_1
06_36_54,D7_2
06_36_90,D7_1
06_36_96,D7_1
06_37_21,D7_1
06_37_23,D7_2
06_37_35,D7_4
06_37_40,D7_1
06_37_59,D7_3
06_37_60,D7_1
06_37_88,D7_2
06_37_89,D7_1
06_38_04,D7_1
06_38_57,D7_4
06_38_67,D7_2
06_38_70,D7_2
06_38_76,D7_1
06_38_82,D7_1
06_38_95,D7_1
06_39_12,D7_4
06_39_21,D7_3
06_39_44,D7_4
06_39_51,D7_3
06_40_21,D7_4
06_40_25,D7_2
06_40_43,D7_1
06_40_67,D7_1
06_40_72,D7_1
06_40_78,D7_4
06_40_94,D7_3
06_41_08,D7_1
06_41_27,D7_2
06_41_79,D7_2
06_42_15,D7_2
06_42_22,D7_4
06_42_45,D7_1
06_42_51,D7_4
06_42_65,D7_1
06_42_78,D7_1
06_43_36,D7_3
06_43_37,D7_1
06_43_53,D7_1
06_43_64,D7_1
06_43_80,D7_1
06_43_87,D7_1
06_44_01,D7_2
06_44_36,D7_1
06_44_44,D7_4
06_44_68,D7_2
06_44_79,D7_1
06_44_81,D7_4
06_44_89,D7_4
06_45_02,D7_1
06_45_23,D7_2
06_45_25,D7_2
06_45_49,D7_4
06_45_58,D7_2
06_45_60,D7_3
06_45_62,D7_1
06_46_28,D7_2
06_47_07,D7_2
06_47_41,D7_1
06_47_64,D7_2
06_47_89,D7_1
06_47_96,D7_1
06_48_17,D7_2
06_48_59,D7_1
06_48_82,D7_2
06_49_28,D7_1
06_49_46,D7_4
06_49_51,D7_1
06_49_56,D7_1
06_49_65,D7_1
06_49_91,D7_3
06_49_92,D7_3
06_50_11,D7_4
06_50_14,D7_3
06_50_43,D7_1
06_50_52,D7_4
06_50_63,D7_2
06_51_02,D7_1
06_51_79,D7_1
06_52_10,D7_1
06_52_11,D7_1
06_52_26,D7_4
06_52_33,D7_2
06_52_42,D7_1
06_52_48,D7_1
06_53_30,D7_1
06_53_44,D7_2
06_53_54,D7_1
06_53_57,D7_1
06_53_62,D7_2
06_53_76,D7_4
06_53_78,D7_1
06_53_81,D7_2
06_53_83,D7_1
06_53_92,D7_2
06_54_07,D7_4
06_54_13,D7_4
06_54_42,D7_1
06_54_55,D7_1
06_54_95,D7_2
06_55_21,D7_2
06_55_44,D7_1
06_55_45,D7_2
06_55_83,D7_1
06_56_09,D7_2
06_56_19,D7_1
06_56_20,D7_2
06_56_52,D7_4
06_56_76,D7_1
06_56_93,D7_4
06_57_03,D7_3
06_58_01,D7_1
06_58_03,D7_1
06_58_25,D7_1
06_58_29,D7_2
06_58_32,D7_1
06_58_49,D7_1
06_58_69,D7_1
06_58_76,D7_1
06_59_12,D7_2
06_59_20,D7_1
06_59_55,D7_3
06_59_66,D7_2
06_59_76,D7_1
06_59_80,D7_1
06_60_20,D7_4
06_61_10,D7_2
06_61_46,D7_4
06_61_50,D7_1
06_61_66,D7_1
06_61_85,D7_2
06_61_88,D7_4
06_62_25,D7_2
06_62_47,D7_2
06_62_59,D7_1
06_62_78,D7_4
06_63_28,D7_1
06_63_38,D7_1
06_63_57,D7_1
06_63_70,D7_3
06_63_72,D7_1
06_64_09,D7_1
06_64_12,D7_1
06_64_38,D7_1
06_64_72,D7_1
06_64_73,D7_1
06_65_27,D7_1
06_65_54,D7_1
06_65_77,D7_1
06_65_82,D7_1
06_65_88,D7_4
06_66_25,D7_1
06_66_35,D7_2
06_66_66,D7_3
06_66_83,D7_4
06_66_89,D7_1
06_67_18,D7_3
06_67_23,D7_4
06_67_34,D7_2
06_67_42,D7_2
06_67_50,D7_4
06_67_68,D7_1
06_67_76,D7_2
06_67_85,D7_2
06_67_93,D7_3
06_67_94,D7_3
06_68_08,D7_1
06_68_33,D7_1
06_69_46,D7_2
06_69_54,D7_2
06_69_74,D7_1
06_70_41,D7_2
06_70_43,D7_1
06_70_87,D7_1
06_71_01,D7_4
06_71_19,D7_1
06_71_30,D7_2
06_71_33,D7_2
06_71_36,D7_2
06_71_83,D7_1
06_72_01,D7_1
06_72_41,D7_4
06_72_44,D7_1
06_72_54,D7_1
06_73_64,D7_4
06_73_91,D7_2
06_74_08,D7_1
06_74_11,D7_4
06_74_31,D7_3
06_74_33,D7_1
06_74_35,D7_1
06_74_44,D7_1
06_74_63,D7_1
06_74_77,D7_1
06_74_95,D7_4
06_75_23,D7_4
06_75_47,D7_1
06_75_57,D7_2
06_75_74,D7_1
06_75_76,D7_4
06_75_86,D7_4
06_75_90,D7_2
06_75_94,D7_4
06_76_01,D7_2
06_76_31,D7_2
06_76_81,D7_2
06_76_86,D7_1
06_76_96,D7_1
06_77_38,D7_2
06_77_75,D7_1
06_77_77,D7_1
06_77_88,D7_1
06_77_89,D7_4
06_78_05,D7_2
06_78_13,D7_1
06_78_27,D7_3
06_78_33,D7_2
06_78_63,D7_2
06_78_84,D7_1
06_78_91,D7_2
06_79_57,D7_3
06_79_62,D7_2
06_79_71,D7_2
06_79_73,D7_2
06_80_14,D7_4
06_80_41,D7_1
06_80_73,D7_1
06_81_07,D7_2
06_81_39,D7_4
06_81_48,D7_4
06_81_52,D7_1
06_81_84,D7_1
06_82_03,D7_2
06_82_40,D7_4
06_82_48,D7_1
06_82_50,D7_1
06_82_64,D7_2
06_82_65,D7_4
06_82_82,D7_1
06_82_95,D7_1
06_83_40,D7_1
06_83_57,D7_3
06_83_65,D7_4
06_83_80,D7_1
06_83_83,D7_1
06_85_44,D7_1
06_85_45,D7_4
06_85_74,D7_4
06_85_91,D7_1
06_86_11,D7_3
06_86_16,D7_4
06_86_27,D7_1
06_86_30,D7_1
06_86_36,D7_1
06_86_53,D7_3
06_86_63,D7_4
06_86_70,D7_2
06_86_79,D7_2
06_86_82,D7_3
06_86_85,D7_4
06_87_33,D7_4
06_87_52,D7_1
06_87_66,D7_1
06_88_07,D7_4
06_88_15,D7_2
06_89_20,D7_1
06_89_38,D7_1
06_89_45,D7_1
06_89_51,D7_2
06_89_62,D7_1
06_89_77,D7_1
06_90_14,D7_2
06_90_36,D7_3
06_90_66,D7_1
06_90_78,D7_4
06_91_05,D7_2
06_91_40,D7_2
06_91_51,D7_1
06_91_80,D7_2
06_91_87,D7_4
06_92_10,D7_1
06_92_17,D7_4
06_92_19,D7_1
06_92_40,D7_1
06_92_47,D7_1
06_92_74,D7_1
06_92_82,D7_2
06_92_89,D7_3
06_93_13,D7_1
06_93_28,D7_1
06_93_50,D7_2
06_93_67,D7_3
06_93_79,D7_4
06_94_03,D7_2
06_94_17,D7_3
06_94_28,D7_4
06_94_58,D7_1
06_94_60,D7_2
06_94_89,D7_4
06_94_92,D7_2
06_95_04,D7_1
06_95_48,D7_1
06_95_61,D7_3
06_95_78,D7_1
06_95_81,D7_1
07_01_08,D14_1
07_01_55,D14_2
07_01_77,D14_1
07_01_81,D14_3
07_01_82,D14_1
07_01_84,D14_2
07_01_95,D14_3
07_01_96,D14_3
07_02_05,D14_2
07_02_06,D14_3
07_02_16,D14_2
07_02_26,D14_3
07_02_35,D14_2
07_02_73,D14_3
07_02_85,D14_2
07_02_86,D14_2
07_03_32,D14_1
07_03_41,D14_3
07_03_64,D14_3
07_03_72,D14_3
07_03_87,D14_1
07_03_93,D14_3
07_04_06,D14_2
07_04_11,D14_3
07_04_18,D14_1
07_04_23,D14_3
07_04_25,D14_1
07_04_27,D14_1
07_04_30,D14_1
07_04_31,D14_1
07_04_64,D14_1
07_04_86,D14_2
07_05_55,D14_2
07_05_77,D14_1
07_05_85,D14_1
07_05_86,D14_1
07_05_93,D14_2
07_06_26,D14_2
07_06_28,D14_2
07_06_38,D14_3
07_06_51,D14_1
07_06_62,D14_3
07_06_83,D14_2
07_07_02,D14_2
07_07_41,D14_3
07_07_49,D14_2
07_07_50,D14_2
07_07_87,D14_2
07_07_93,D14_2
07_08_10,D14_2
07_08_13,D14_2
07_08_35,D14_2
07_08_54,D14_1
07_08_85,D14_2
07_09_02,D14_3
07_09_14,D14_3
07_09_19,D14_2
07_09_70,D14_2
07_09_84,D14_2
07_09_85,D14_2
07_10_01,D14_2
07_10_22,D14_2
07_10_26,D14_1
07_10_51,D14_1
07_10_52,D14_3
07_10_53,D14_2
07_10_83,D14_2
07_10_95,D14_2
07_11_13,D14_1
07_11_62,D14_2
07_11_72,D14_2
07_11_81,D14_2
07_12_09,D14_2
07_12_12,D14_2
07_12_25,D14_1
07_12_28,D14_2
07_12_34,D14_3
07_12_41,D14_2
07_12_49,D14_1
07_12_55,D14_3
07_12_59,D14_1
07_12_60,D14_3
07_12_62,D14_3
07_12_73,D14_2
07_12_84,D14_2
07_12_85,D14_3
07_12_88,D14_1
07_12_95,D14_2
07_13_48,D14_2
07_13_82,D14_1
07_13_83,D14_3
07_14_18,D14_2
07_14_20,D14_2
07_14_72,D14_1
07_14_76,D14_2
07_14_77,D14_2
07_14_87,D14_1
07_15_01,D14_3
07_15_09,D14_2
07_15_41,D14_2
07_15_48,D14_2
07_15_57,D14_1
07_15_73,D14_2
07_15_88,D14_1
07_16_45,D14_1
07_16_58,D14_2
07_16_86,D14_2
07_17_43,D14_1
07_17_55,D14_1
07_17_84,D14_2
07_17_88,D14_1
07_17_91,D14_2
07_18_06,D14_1
07_18_18,D14_1
07_18_64,D14_1
07_18_89,D14_2
07_19_06,D14_2
07_19_11,D14_3
07_19_65,D14_2
07_20_27,D14_1
07_20_32,D14_2
07_20_48,D14_3
07_20_66,D14_1
07_20_68,D14_2
07_20_71,D14_1
07_21_10,D14_3
07_21_19,D14_3
07_21_26,D14_1
07_21_30,D14_2
07_21_57,D14_3
07_21_59,D14_2
07_21_62,D14_3
07_21_68,D14_1
07_21_79,D14_2
07_21_86,D14_2
07_21_88,D14_2
07_21_96,D14_3
07_22_10,D14_3
07_22_20,D14_3
07_22_21,D14_1
07_22_40,D14_1
07_22_49,D14_3
07_22_57,D14_2
07_22_65,D14_3
07_22_67,D14_1
07_22_84,D14_3
07_23_01,D14_3
07_23_61,D14_2
07_23_66,D14_3
07_24_03,D14_1
07_24_04,D14_2
07_24_07,D14_1
07_24_13,D14_1
07_24_15,D14_2
07_24_18,D14_1
07_24_21,D14_3
07_24_33,D14_2
07_24_34,D14_1
07_24_39,D14_1
07_24_40,D14_2
07_24_41,D14_1
07_24_42,D14_3
07_24_50,D14_2
07_24_51,D14_2
07_24_53,D14_2
07_24_54,D14_3
07_24_65,D14_3
07_24_75,D14_2
07_24_77,D14_2
07_24_83,D14_2
07_24_89,D14_1
07_24_90,D14_3
07_24_92,D14_3
07_24_95,D14_2
07_24_96,D14_2
07_25_07,D14_2
07_25_20,D14_1
07_25_24,D14_2
07_25_40,D14_1
07_25_78,D14_2
07_25_80,D14_2
07_25_86,D14_2
07_26_17,D14_1
07_26_18,D14_1
07_26_29,D14_3
07_26_32,D14_2
07_26_50,D14_2
07_26_53,D14_3
07_26_58,D14_2
07_26_73,D14_2
07_27_14,D14_2
07_27_18,D14_1
07_27_34,D14_3
07_27_42,D14_2
07_27_47,D14_1
07_27_49,D14_2
07_27_57,D14_1
07_27_74,D14_2
07_27_87,D14_3
07_27_90,D14_3
07_28_07,D14_1
07_28_09,D14_1
07_28_16,D14_3
07_28_17,D14_1
07_28_19,D14_1
07_28_20,D14_1
07_28_22,D14_1
07_29_09,D14_2
07_29_13,D14_1
07_29_19,D14_2
07_29_31,D14_2
07_29_40,D14_2
07_29_53,D14_3
07_29_73,D14_2
07_29_79,D14_1
07_29_81,D14_2
07_30_01,D14_2
07_30_61,D14_2
07_30_65,D14_1
07_30_89,D14_2
07_30_90,D14_2
07_31_19,D14_1
07_31_45,D14_3
07_31_46,D14_1
07_31_87,D14_3
07_32_05,D14_2
07_32_19,D14_1
07_32_50,D14_2
07_32_52,D14_1
07_32_74,D14_2
07_32_77,D14_2
07_32_88,D14_2
07_33_15,D14_2
07_33_21,D14_2
07_33_34,D14_3
07_33_41,D14_2
07_33_64,D14_2
07_33_77,D14_1
07_33_84,D14_2
07_34_06,D14_2
07_34_46,D14_3
07_34_51,D14_2
07_34_85,D14_2
07_35_21,D14_2
07_35_24,D14_2
07_35_42,D14_1
07_35_48,D14_2
07_35_56,D14_3
07_35_62,D14_2
07_36_09,D14_1
07_36_10,D14_3
07_36_29,D14_2
07_36_39,D14_2
07_36_82,D14_2
07_36_83,D14_2
07_37_10,D14_2
07_37_22,D14_3
07_37_25,D14_2
07_37_32,D14_3
07_37_67,D14_1
07_37_68,D14_1
07_38_01,D14_3
07_38_11,D14_2
07_38_14,D14_1
07_38_15,D14_2
07_38_66,D14_2
07_38_79,D14_2
07_39_01,D14_1
07_39_04,D14_1
07_39_05,D14_1
07_39_35,D14_1
07_39_39,D14_1
07_39_48,D14_1
07_39_50,D14_1
07_39_55,D14_2
07_39_66,D14_1
07_39_74,D14_3
07_39_75,D14_1
07_39_89,D14_2
07_39_94,D14_3
07_40_05,D14_2
07_40_30,D14_3
07_40_73,D14_2
07_40_80,D14_3
07_41_05,D14_2
07_41_09,D14_3
07_41_46,D14_1
07_41_56,D14_1
07_41_63,D14_3
07_41_71,D14_3
07_41_74,D14_1
07_41_75,D14_1
07_41_79,D14_2
07_41_82,D14_3
07_41_95,D14_1
07_42_06,D14_2
07_42_12,D14_2
07_42_14,D14_2
07_42_19,D14_3
07_42_20,D14_2
07_42_41,D14_1
07_42_48,D14_2
07_42_51,D14_3
07_42_57,D14_2
07_42_74,D14_2
07_42_79,D14_3
07_43_06,D14_2
07_43_12,D14_3
07_43_17,D14_2
07_43_34,D14_2
07_43_46,D14_2
07_43_54,D14_2
07_43_74,D14_3
07_43_86,D14_2
07_44_14,D14_2
07_44_27,D14_2
07_44_29,D14_2
07_44_30,D14_3
07_44_61,D14_2
07_44_65,D14_2
07_44_67,D14_2
07_44_73,D14_1
07_44_82,D14_1
07_45_09,D14_3
07_45_15,D14_1
07_45_43,D14_1
07_45_64,D14_3
07_45_82,D14_2
07_45_88,D14_2
07_46_12,D14_2
07_46_16,D14_2
07_46_19,D14_2
07_46_27,D14_2
07_46_32,D14_2
07_46_35,D14_2
07_46_36,D14_2
07_46_50,D14_2
07_46_72,D14_2
07_46_95,D14_3
07_47_12,D14_1
07_47_14,D14_2
07_47_38,D14_2
07_47_60,D14_2
07_47_67,D14_1
07_47_89,D14_1
07_48_14,D14_2
07_48_59,D14_2
07_48_87,D14_1
07_49_50,D14_2
07_49_62,D14_3
07_49_77,D14_3
07_49_92,D14_3
07_50_01,D14_2
07_50_20,D14_1
07_50_40,D14_2
07_50_65,D14_1
07_50_69,D14_2
07_51_07,D14_3
07_51_19,D14_2
07_51_22,D14_3
07_51_27,D14_2
07_51_32,D14_2
07_51_48,D14_1
07_51_57,D14_3
07_51_62,D14_3
07_51_92,D14_2
07_52_03,D14_2
07_52_36,D14_2
07_52_38,D14_3
07_52_73,D14_1
07_53_03,D14_2
07_53_13,D14_3
07_53_29,D14_2
07_53_33,D14_3
07_53_36,D14_1
07_53_53,D14_1
07_53_72,D14_2
07_53_82,D14_3
07_53_86,D14_1
07_54_29,D14_1
07_54_34,D14_1
07_54_51,D14_2
07_54_61,D14_2
07_54_69,D14_2
07_54_94,D14_1
07_55_14,D14_2
07_55_21,D14_2
07_55_27,D14_2
07_55_29,D14_2
07_55_32,D14_2
07_55_34,D14_3
07_55_47,D14_1
07_55_49,D14_2
07_55_62,D14_3
07_55_78,D14_1
07_56_27,D14_3
07_56_37,D14_1
07_56_41,D14_2
07_56_43,D14_2
07_56_48,D14_2
07_56_51,D14_3
07_56_59,D14_2
07_56_64,D14_2
07_56_66,D14_2
07_56_94,D14_3
07_57_04,D14_2
07_57_31,D14_2
07_57_65,D14_2
07_59_20,D14_2
07_59_24,D14_1
07_59_31,D14_1
07_59_32,D14_3
07_59_34,D14_2
07_59_44,D14_1
07_59_48,D14_1
07_59_61,D14_2
07_59_68,D14_1
07_59_73,D14_1
07_59_92,D14_2
07_60_22,D14_1
07_60_24,D14_1
07_60_48,D14_1
07_60_93,D14_1
07_61_11,D14_3
07_61_15,D14_2
07_61_19,D14_2
07_61_48,D14_1
07_61_62,D14_2
07_61_72,D14_1
07_61_76,D14_2
07_61_79,D14_3
07_61_85,D14_2
07_61_92,D14_1
07_62_24,D14_1
07_62_29,D14_3
07_62_67,D14_1
07_62_73,D14_1
07_62_96,D14_1
07_63_06,D14_2
07_63_10,D14_2
07_63_12,D14_1
07_63_28,D14_1
07_63_31,D14_3
07_63_42,D14_3
07_63_65,D14_3
07_63_77,D14_3
07_63_79,D14_2
07_63_83,D14_2
07_64_15,D14_3
07_64_38,D14_2
07_64_48,D14_2
07_64_54,D14_1
07_64_61,D14_1
07_64_71,D14_3
07_64_73,D14_2
07_64_80,D14_2
07_64_84,D14_3
07_64_93,D14_1
07_65_46,D14_1
07_65_47,D14_2
07_65_75,D14_2
07_66_02,D14_1
07_66_51,D14_1
07_66_77,D14_1
07_66_81,D14_1
07_66_93,D14_3
07_67_13,D14_1
07_67_21,D14_3
07_67_52,D14_1
07_67_57,D14_1
07_67_58,D14_2
07_67_66,D14_1
07_67_89,D14_1
07_67_93,D14_1
07_68_02,D14_2
07_68_26,D14_1
07_68_48,D14_1
07_68_50,D14_2
07_68_65,D14_3
07_68_74,D14_3
07_69_10,D14_2
07_69_12,D14_2
07_69_31,D14_2
07_69_45,D14_3
07_69_72,D14_1
07_69_74,D14_2
07_70_03,D14_3
07_70_31,D14_3
07_70_34,D14_2
07_70_37,D14_2
07_70_58,D14_2
07_70_64,D14_2
07_70_65,D14_2
07_70_72,D14_2
07_70_87,D14_2
07_70_88,D14_2
07_70_96,D14_3
07_71_10,D14_2
07_71_20,D14_2
07_71_33,D14_1
07_71_34,D14_1
07_71_36,D14_3
07_71_42,D14_3
07_71_50,D14_3
07_71_80,D14_3
07_71_86,D14_3
07_71_90,D14_1
07_72_01,D14_2
07_72_16,D14_2
07_72_18,D14_2
07_72_65,D14_1
07_72_91,D14_2
07_73_10,D14_2
07_73_35,D14_3
07_73_38,D14_2
07_73_40,D14_1
07_73_41,D14_2
07_73_83,D14_1
07_74_17,D14_2
07_74_18,D14_3
07_74_28,D14_2
07_74_34,D14_1
07_74_45,D14_2
07_74_47,D14_3
07_74_50,D14_3
07_74_62,D14_3
07_74_95,D14_2
07_75_04,D14_2
07_75_23,D14_2
07_75_54,D14_1
07_75_67,D14_3
07_75_90,D14_2
07_76_08,D14_3
07_76_12,D14_1
07_76_28,D14_2
07_76_37,D14_2
07_76_52,D14_2
07_76_56,D14_2
07_76_68,D14_1
07_76_90,D14_3
07_77_22,D14_1
07_77_37,D14_2
07_77_39,D14_2
07_77_68,D14_3
07_77_81,D14_3
07_77_82,D14_1
07_78_15,D14_1
07_78_34,D14_2
07_78_46,D14_1
07_78_50,D14_2
07_78_51,D14_1
07_78_52,D14_1
07_78_77,D14_2
07_78_91,D14_3
07_79_04,D14_1
07_79_05,D14_3
07_79_26,D14_2
07_79_28,D14_1
07_79_51,D14_1
07_79_55,D14_1
07_79_74,D14_3
07_79_85,D14_2
07_79_88,D14_3
07_79_94,D14_3
07_80_09,D14_2
07_80_25,D14_1
07_80_27,D14_3
07_80_36,D14_2
07_80_37,D14_1
07_80_39,D14_3
07_80_47,D14_2
07_80_51,D14_2
07_80_56,D14_2
07_80_62,D14_3
07_80_70,D14_2
07_80_88,D14_2
07_81_05,D14_2
07_81_17,D14_1
07_81_29,D14_1
07_81_31,D14_2
07_81_48,D14_2
07_81_50,D14_3
07_81_83,D14_2
07_81_93,D14_2
07_82_18,D14_1
07_82_59,D14_3
07_82_65,D14_2
07_82_77,D14_1
07_82_90,D14_2
07_83_09,D14_3
07_83_32,D14_1
07_83_36,D14_2
07_83_50,D14_1
07_83_51,D14_1
07_83_85,D14_2
07_83_87,D14_3
07_84_74,D14_2
07_85_23,D14_1
07_85_28,D14_1
07_85_36,D14_3
07_85_62,D14_1
07_85_64,D14_2
07_85_70,D14_1
07_85_87,D14_1
07_86_04,D14_1
07_86_09,D14_3
07_86_13,D14_2
07_86_32,D14_2
07_86_34,D14_2
07_86_39,D14_2
07_86_50,D14_3
07_86_55,D14_1
07_86_72,D14_2
07_87_17,D14_2
07_87_37,D14_2
07_87_41,D14_1
07_87_73,D14_3
07_87_89,D14_3
07_88_07,D14_1
07_88_12,D14_1
07_88_13,D14_3
07_88_33,D14_2
07_88_39,D14_2
07_88_43,D14_1
07_88_44,D14_1
07_88_45,D14_1
07_88_50,D14_2
07_88_51,D14_1
07_88_69,D14_1
07_88_74,D14_2
07_88_83,D14_3
07_88_94,D14_2
07_89_09,D14_1
07_89_20,D14_2
07_89_25,D14_1
07_89_38,D14_2
07_89_92,D14_1
07_90_18,D14_2
07_90_24,D14_2
07_90_32,D14_3
07_90_36,D14_3
07_90_81,D14_1
07_91_08,D14_1
07_91_16,D14_2
07_91_17,D14_3
07_91_27,D14_2
07_91_31,D14_2
07_91_32,D14_2
07_91_49,D14_1
07_91_57,D14_1
07_91_77,D14_2
07_91_80,D14_2
07_91_82,D14_3
07_91_84,D14_2
07_92_03,D14_1
07_92_15,D14_2
07_92_20,D14_1
07_92_36,D14_1
07_92_48,D14_2
07_92_66,D14_2
07_92_83,D14_2
07_92_88,D14_2
07_92_89,D14_2
07_92_94,D14_3
07_93_12,D14_3
07_93_44,D14_1
07_93_47,D14_1
07_93_65,D14_1
07_93_73,D14_3
07_93_78,D14_2
07_93_79,D14_2
07_94_08,D14_3
07_94_27,D14_2
07_94_44,D14_3
07_94_50,D14_1
07_94_54,D14_1
07_94_67,D14_1
07_94_68,D14_3
07_94_93,D14_1
07_95_18,D14_3
07_95_44,D14_3
07_95_56,D14_1
07_95_58,D14_3
07_95_59,D14_2
07_95_60,D14_1
07_95_78,D14_2
07_95_87,D14_3
07_95_94,D14_2
08_01_01,D14_1
08_01_03,D14_1
08_01_23,D14_3
08_01_38,D14_3
08_01_60,D14_2
08_01_94,D14_2
08_02_13,D14_3
08_02_29,D14_3
08_02_34,D14_2
08_02_45,D14_2
08_02_48,D14_1
08_03_03,D14_3
08_03_17,D14_1
08_03_19,D14_3
08_03_29,D14_2
08_03_33,D14_2
08_03_35,D14_2
08_03_38,D14_1
08_03_50,D14_2
08_03_55,D14_3
08_03_60,D14_2
08_03_92,D14_2
08_04_09,D14_2
08_04_35,D14_3
08_04_74,D14_2
08_04_88,D14_3
08_05_13,D14_1
08_05_44,D14_3
08_05_50,D14_2
08_05_70,D14_2
08_05_71,D14_2
08_05_79,D14_1
08_05_92,D14_3
08_06_32,D14_3
08_06_47,D14_2
08_06_68,D14_2
08_06_73,D14_1
08_06_79,D14_3
08_07_28,D14_1
08_07_46,D14_1
08_07_48,D14_3
08_07_61,D14_1
08_07_74,D14_2
08_08_13,D14_2
08_08_34,D14_1
08_08_50,D14_2
08_08_54,D14_2
08_08_79,D14_3
08_08_90,D14_1
08_09_26,D14_1
08_09_28,D14_2
08_09_31,D14_2
08_09_39,D14_3
08_09_46,D14_2
08_09_51,D14_1
08_09_68,D14_3
08_09_80,D14_1
08_10_01,D14_3
08_10_06,D14_3
08_10_34,D14_1
08_10_44,D14_2
08_10_45,D14_3
08_10_50,D14_2
08_10_54,D14_1
08_10_63,D14_3
08_10_74,D14_3
08_10_90,D14_3
08_11_46,D14_2
08_11_72,D14_1
08_12_01,D14_1
08_12_06,D14_2
08_12_18,D14_2
08_12_21,D14_2
08_12_26,D14_3
08_12_30,D14_3
08_12_32,D14_3
08_12_38,D14_2
08_12_39,D14_2
08_12_45,D14_1
08_12_71,D14_3
08_12_84,D14_3
08_12_94,D14_1
08_12_95,D14_2
08_13_13,D14_3
08_13_25,D14_1
08_13_28,D14_3
08_13_37,D14_2
08_13_39,D14_2
08_13_50,D14_2
08_13_63,D14_2
08_13_66,D14_1
08_13_70,D14_2
08_13_94,D14_3
08_13_96,D14_1
08_14_02,D14_3
08_14_04,D14_1
08_14_15,D14_2
08_14_30,D14_3
08_14_40,D14_3
08_14_43,D14_2
08_14_45,D14_2
08_14_58,D14_2
08_14_84,D14_3
08_15_03,D14_3
08_15_08,D14_2
08_15_15,D14_2
08_15_31,D14_3
08_15_36,D14_2
08_15_50,D14_2
08_15_60,D14_2
08_15_73,D14_2
08_15_85,D14_2
08_16_40,D14_1
08_16_65,D14_2
08_16_70,D14_3
08_16_72,D14_3
08_16_77,D14_2
08_16_86,D14_2
08_17_13,D14_2
08_17_57,D14_2
08_17_63,D14_3
08_17_69,D14_2
08_17_84,D14_2
08_18_15,D14_1
08_18_21,D14_3
08_18_28,D14_3
08_18_36,D14_2
08_18_54,D14_1
08_18_75,D14_2
08_18_90,D14_2
08_19_04,D14_1
08_19_05,D14_1
08_19_09,D14_3
08_19_39,D14_3
08_19_44,D14_2
08_19_48,D14_1
08_19_49,D14_2
08_19_67,D14_3
08_19_74,D14_2
08_19_77,D14_1
08_20_16,D14_1
08_20_36,D14_3
08_20_62,D14_1
08_20_68,D14_2
08_20_72,D14_1
08_21_05,D14_3
08_21_32,D14_1
08_21_34,D14_1
08_21_37,D14_2
08_21_62,D14_2
08_21_63,D14_1
08_21_89,D14_2
08_22_12,D14_2
08_22_22,D14_1
08_22_26,D14_1
08_22_31,D14_1
08_22_70,D14_2
08_22_96,D14_1
08_23_05,D14_2
08_23_07,D14_2
08_23_26,D14_3
08_23_33,D14_2
08_23_52,D14_1
08_23_53,D14_2
08_23_55,D14_3
08_23_62,D14_3
08_23_65,D14_2
08_23_69,D14_2
08_23_72,D14_2
08_23_90,D14_2
08_23_91,D14_3
08_24_12,D14_1
08_24_14,D14_1
08_24_17,D14_1
08_24_19,D14_3
08_24_36,D14_1
08_24_42,D14_1
08_24_47,D14_2
08_24_48,D14_2
08_24_55,D14_1
08_24_61,D14_1
08_24_64,D14_1
08_24_67,D14_1
08_24_68,D14_1
08_24_82,D14_2
08_24_84,D14_2
08_24_89,D14_3
08_24_92,D14_2
08_24_93,D14_3
08_24_96,D14_1
08_25_02,D14_3
08_25_21,D14_2
08_25_42,D14_3
08_25_63,D14_2
08_25_67,D14_1
08_25_70,D14_3
08_25_72,D14_3
08_26_39,D14_2
08_26_65,D14_2
08_26_66,D14_2
08_26_69,D14_3
08_27_01,D14_2
08_27_35,D14_2
08_27_43,D14_1
08_27_47,D14_2
08_27_53,D14_1
08_27_67,D14_2
08_27_71,D14_2
08_27_93,D14_2
08_28_02,D14_1
08_28_06,D14_3
08_28_07,D14_1
08_28_61,D14_1
08_28_65,D14_1
08_28_67,D14_1
08_28_83,D14_2
08_28_88,D14_3
08_28_94,D14_2
08_28_96,D14_1
08_29_27,D14_2
08_29_43,D14_2
08_29_61,D14_3
08_29_80,D14_1
08_30_36,D14_2
08_30_41,D14_3
08_30_49,D14_1
08_30_81,D14_1
08_31_03,D14_1
08_31_34,D14_2
08_31_39,D14_2
08_31_88,D14_2
08_32_56,D14_2
08_32_62,D14_3
08_32_66,D14_2
08_33_17,D14_1
08_33_38,D14_3
08_33_44,D14_1
08_33_49,D14_1
08_33_55,D14_1
08_33_69,D14_3
08_33_73,D14_3
08_33_80,D14_2
08_33_90,D14_3
08_34_29,D14_3
08_34_63,D14_2
08_35_26,D14_2
08_35_50,D14_2
08_35_70,D14_2
08_35_81,D14_2
08_36_40,D14_2
08_36_63,D14_3
08_36_72,D14_3
08_36_84,D14_2
08_37_04,D14_2
08_37_11,D14_2
08_37_14,D14_2
08_37_35,D14_2
08_38_50,D14_2
08_38_62,D14_2
08_38_64,D14_1
08_38_68,D14_3
08_38_74,D14_3
08_38_79,D14_2
08_38_92,D14_2
08_38_93,D14_3
08_39_11,D14_1
08_39_26,D14_3
08_39_43,D14_1
08_39_58,D14_2
08_39_71,D14_1
08_39_86,D14_1
08_39_90,D14_3
08_40_26,D14_2
08_40_28,D14_2
08_40_33,D14_1
08_40_57,D14_1
08_40_76,D14_2
08_40_90,D14_2
08_41_45,D14_1
08_41_46,D14_1
08_41_51,D14_1
08_41_57,D14_2
08_41_72,D14_3
08_42_29,D14_1
08_42_30,D14_2
08_42_46,D14_1
08_42_68,D14_3
08_42_72,D14_3
08_43_12,D14_2
08_43_19,D14_2
08_43_21,D14_2
08_43_24,D14_1
08_43_25,D14_2
08_43_27,D14_3
08_43_44,D14_2
08_43_76,D14_2
08_44_12,D14_2
08_44_25,D14_2
08_44_37,D14_3
08_44_57,D14_2
08_44_72,D14_2
08_44_77,D14_3
08_44_83,D14_1
08_45_31,D14_2
08_45_34,D14_1
08_45_35,D14_2
08_45_42,D14_3
08_45_43,D14_1
08_45_62,D14_2
08_45_63,D14_1
08_46_43,D14_2
08_46_55,D14_3
08_46_56,D14_2
08_46_61,D14_2
08_46_62,D14_2
08_46_64,D14_1
08_46_80,D14_2
08_46_82,D14_2
08_46_83,D14_1
08_47_07,D14_3
08_47_22,D14_1
08_47_28,D14_3
08_47_37,D14_1
08_47_40,D14_2
08_47_67,D14_1
08_47_79,D14_2
08_47_82,D14_3
08_47_91,D14_3
08_48_78,D14_2
08_48_84,D14_3
08_48_85,D14_3
08_49_02,D14_2
08_49_08,D14_2
08_49_09,D14_1
08_49_25,D14_2
08_49_37,D14_2
08_49_38,D14_1
08_49_40,D14_2
08_49_41,D14_3
08_49_44,D14_3
08_49_50,D14_3
08_49_66,D14_2
08_49_85,D14_2
08_50_10,D14_1
08_50_30,D14_1
08_50_36,D14_2
08_50_53,D14_1
08_50_54,D14_1
08_50_63,D14_3
08_50_72,D14_1
08_50_80,D14_2
08_51_40,D14_2
08_51_58,D14_2
08_51_60,D14_2
08_51_73,D14_3
08_51_84,D14_1
08_52_16,D14_2
08_52_66,D14_3
08_52_83,D14_1
08_52_87,D14_2
08_53_05,D14_2
08_53_35,D14_3
08_53_38,D14_3
08_53_51,D14_1
08_53_56,D14_3
08_53_68,D14_1
08_53_77,D14_2
08_53_88,D14_2
08_53_96,D14_1
08_54_14,D14_1
08_54_25,D14_3
08_54_28,D14_3
08_54_30,D14_3
08_54_33,D14_1
08_54_34,D14_2
08_54_49,D14_3
08_54_73,D14_3
08_54_96,D14_2
08_55_09,D14_2
08_55_32,D14_3
08_55_52,D14_1
08_55_73,D14_1
08_56_22,D14_2
08_56_23,D14_1
08_56_44,D14_3
08_56_63,D14_3
08_56_64,D14_3
08_56_91,D14_1
08_57_70,D14_1
08_58_16,D14_1
08_58_79,D14_3
08_58_84,D14_3
08_59_27,D14_3
08_59_28,D14_3
08_59_65,D14_3
08_59_90,D14_3
08_60_07,D14_3
08_60_25,D14_1
08_60_36,D14_1
08_60_50,D14_1
08_61_13,D14_1
08_61_14,D14_2
08_61_24,D14_2
08_61_30,D14_2
08_61_34,D14_1
08_61_48,D14_3
08_61_60,D14_1
08_61_66,D14_2
08_61_82,D14_2
08_61_96,D14_2
08_62_21,D14_3
08_62_35,D14_1
08_62_39,D14_3
08_62_76,D14_1
08_62_79,D14_1
08_62_83,D14_1
08_62_96,D14_2
08_63_13,D14_3
08_63_28,D14_2
08_63_35,D14_2
08_63_39,D14_2
08_63_70,D14_3
08_63_80,D14_1
08_64_05,D14_2
08_64_23,D14_2
08_64_48,D14_3
08_64_65,D14_3
08_64_70,D14_3
08_64_86,D14_2
08_65_07,D14_1
08_65_22,D14_2
08_65_23,D14_2
08_65_25,D14_3
08_65_65,D14_3
08_65_67,D14_1
08_65_70,D14_1
08_65_93,D14_2
08_66_03,D14_1
08_66_06,D14_1
08_66_11,D14_3
08_66_36,D14_1
08_66_56,D14_1
08_66_62,D14_3
08_66_68,D14_1
08_66_82,D14_3
08_67_13,D14_3
08_67_32,D14_1
08_67_43,D14_1
08_67_56,D14_3
08_67_61,D14_1
08_67_62,D14_1
08_67_76,D14_1
08_67_78,D14_1
08_67_85,D14_1
08_68_16,D14_3
08_68_22,D14_2
08_68_29,D14_3
08_68_45,D14_2
08_68_47,D14_2
08_68_57,D14_1
08_68_78,D14_3
08_68_82,D14_2
08_68_84,D14_2
08_68_95,D14_1
08_69_10,D14_1
08_69_11,D14_1
08_69_13,D14_2
08_69_34,D14_2
08_69_45,D14_1
08_69_82,D14_3
08_70_03,D14_1
08_70_47,D14_1
08_70_49,D14_2
08_70_50,D14_2
08_70_51,D14_1
08_70_56,D14_1
08_70_58,D14_2
08_70_62,D14_2
08_70_80,D14_2
08_70_82,D14_2
08_70_83,D14_2
08_70_91,D14_3
08_71_37,D14_2
08_71_64,D14_2
08_71_67,D14_3
08_71_77,D14_1
08_71_78,D14_2
08_72_34,D14_1
08_72_39,D14_1
08_72_48,D14_1
08_72_74,D14_2
08_72_87,D14_2
08_73_04,D14_2
08_73_36,D14_1
08_73_38,D14_2
08_73_42,D14_1
08_73_44,D14_3
08_73_62,D14_2
08_73_63,D14_2
08_74_26,D14_2
08_74_36,D14_1
08_74_77,D14_2
08_74_84,D14_2
08_74_85,D14_1
08_75_15,D14_2
08_75_25,D14_2
08_75_31,D14_2
08_75_71,D14_3
08_75_73,D14_2
08_76_32,D14_1
08_76_41,D14_2
08_76_48,D14_3
08_76_63,D14_3
08_76_64,D14_1
08_76_69,D14_1
08_76_71,D14_3
08_76_73,D14_2
08_76_75,D14_2
08_77_15,D14_2
08_77_17,D14_1
08_77_37,D14_3
08_77_56,D14_2
08_77_63,D14_1
08_77_79,D14_1
08_77_89,D14_2
08_78_16,D14_1
08_78_19,D14_1
08_78_40,D14_1
08_78_41,D14_2
08_78_43,D14_2
08_78_48,D14_1
08_78_81,D14_3
08_79_25,D14_1
08_79_33,D14_1
08_79_37,D14_2
08_79_39,D14_2
08_79_42,D14_3
08_79_52,D14_1
08_79_61,D14_1
08_80_08,D14_2
08_80_09,D14_2
08_80_28,D14_1
08_80_39,D14_2
08_80_41,D14_3
08_80_42,D14_2
08_80_55,D14_3
08_80_65,D14_3
08_81_04,D14_2
08_81_05,D14_1
08_81_16,D14_3
08_81_30,D14_3
08_81_35,D14_1
08_81_48,D14_1
08_81_51,D14_1
08_81_55,D14_2
08_81_65,D14_2
08_81_75,D14_3
08_81_93,D14_3
08_82_09,D14_2
08_82_22,D14_2
08_82_32,D14_1
08_82_33,D14_2
08_82_39,D14_2
08_82_44,D14_1
08_82_46,D14_3
08_82_47,D14_3
08_82_50,D14_3
08_82_85,D14_1
08_82_86,D14_2
08_82_92,D14_1
08_83_38,D14_1
08_83_48,D14_2
08_83_72,D14_2
08_83_75,D14_1
08_83_76,D14_3
08_83_87,D14_1
08_84_18,D14_3
08_84_33,D14_1
08_84_72,D14_1
08_85_06,D14_1
08_85_37,D14_2
08_85_84,D14_1
08_85_90,D14_2
08_86_03,D14_3
08_86_61,D14_3
08_86_66,D14_1
08_86_80,D14_1
08_86_90,D14_3
08_86_91,D14_3
08_86_94,D14_2
08_87_03,D14_2
08_87_33,D14_3
08_87_34,D14_1
08_87_45,D14_2
08_87_80,D14_2
08_87_87,D14_3
08_88_02,D14_2
08_88_06,D14_3
08_88_18,D14_3
08_88_27,D14_1
08_88_46,D14_1
08_88_53,D14_3
08_88_70,D14_1
08_88_76,D14_1
08_88_83,D14_2
08_88_90,D14_1
08_89_13,D14_1
08_89_14,D14_3
08_89_30,D14_1
08_89_31,D14_1
08_89_38,D14_1
08_89_39,D14_1
08_89_43,D14_2
08_89_52,D14_2
08_89_63,D14_2
08_89_69,D14_2
08_89_71,D14_1
08_89_83,D14_2
08_89_85,D14_2
08_89_86,D14_2
08_90_05,D14_2
08_90_08,D14_1
08_90_32,D14_2
08_90_53,D14_1
08_90_61,D14_3
08_90_71,D14_2
08_90_86,D14_2
08_90_87,D14_1
08_91_06,D14_1
08_91_33,D14_2
08_91_40,D14_1
08_91_47,D14_2
08_91_58,D14_2
08_91_63,D14_3
08_91_73,D14_1
08_91_81,D14_3
08_91_94,D14_3
08_91_96,D14_3
08_92_06,D14_2
08_92_38,D14_3
08_92_50,D14_1
08_92_80,D14_3
08_92_86,D14_3
08_92_93,D14_3
08_93_02,D14_2
08_93_04,D14_2
08_93_05,D14_1
08_93_13,D14_1
08_93_55,D14_1
08_93_63,D14_2
08_93_67,D14_3
08_93_85,D14_3
08_93_89,D14_3
08_93_94,D14_1
08_94_11,D14_3
08_94_38,D14_1
08_94_42,D14_1
08_94_49,D14_3
08_94_64,D14_1
08_94_84,D14_2
08_95_01,D14_2
08_95_16,D14_3
08_95_35,D14_3
08_95_62,D14_2
08_95_75,D14_1
08_95_78,D14_3
08_95_93,D14_3
09_01_05,D14_3
09_01_07,D14_2
09_01_08,D14_2
09_01_20,D14_3
09_01_29,D14_1
09_01_30,D14_3
09_01_32,D14_3
09_01_37,D14_1
09_01_57,D14_1
09_01_90,D14_1
09_02_16,D14_3
09_02_44,D14_1
09_02_83,D14_2
09_02_86,D14_2
09_03_05,D14_3
09_03_23,D14_1
09_03_26,D14_1
09_03_47,D14_1
09_04_25,D14_1
09_04_26,D14_1
09_05_04,D14_3
09_05_21,D14_1
09_05_27,D14_1
09_05_36,D14_2
09_05_59,D14_2
09_05_66,D14_3
09_05_82,D14_2
09_05_87,D14_1
09_05_93,D14_3
09_06_16,D14_1
09_06_23,D14_3
09_06_35,D14_2
09_06_71,D14_3
09_06_75,D14_3
09_06_79,D14_3
09_06_86,D14_2
09_07_26,D14_1
09_07_33,D14_1
09_07_79,D14_3
09_08_03,D14_2
09_08_16,D14_1
09_08_41,D14_2
09_08_46,D14_2
09_08_57,D14_1
09_08_61,D14_2
09_08_78,D14_2
09_08_91,D14_3
09_09_06,D14_2
09_09_25,D14_1
09_09_29,D14_3
09_09_54,D14_1
09_09_84,D14_3
09_09_94,D14_2
09_10_06,D14_3
09_10_09,D14_2
09_10_20,D14_2
09_10_31,D14_1
09_10_35,D14_1
09_10_61,D14_1
09_10_71,D14_2
09_10_80,D14_3
09_11_04,D14_2
09_11_21,D14_1
09_11_37,D14_3
09_11_49,D14_1
09_11_64,D14_1
09_12_07,D14_2
09_12_08,D14_1
09_12_09,D14_2
09_12_12,D14_1
09_12_14,D14_2
09_12_22,D14_2
09_12_34,D14_2
09_12_48,D14_1
09_12_50,D14_2
09_12_63,D14_2
09_12_64,D14_1
09_12_72,D14_1
09_12_74,D14_3
09_12_79,D14_2
09_12_81,D14_2
09_12_95,D14_2
09_13_21,D14_2
09_13_70,D14_3
09_14_32,D14_3
09_14_46,D14_2
09_14_68,D14_3
09_14_78,D14_2
09_15_15,D14_3
09_15_25,D14_1
09_15_26,D14_1
09_15_32,D14_2
09_15_34,D14_3
09_15_39,D14_2
09_15_52,D14_1
09_15_71,D14_2
09_15_82,D14_2
09_15_87,D14_2
09_16_03,D14_2
09_16_34,D14_2
09_16_53,D14_1
09_16_60,D14_1
09_16_64,D14_3
09_16_88,D14_1
09_16_96,D14_3
09_17_07,D14_2
09_17_08,D14_1
09_17_13,D14_1
09_17_50,D14_3
09_17_54,D14_1
09_17_59,D14_2
09_17_66,D14_1
09_17_87,D14_2
09_18_03,D14_2
09_18_19,D14_2
09_18_55,D14_2
09_18_77,D14_3
09_19_12,D14_1
09_19_18,D14_2
09_19_24,D14_3
09_19_41,D14_2
09_19_76,D14_3
09_19_93,D14_1
09_20_12,D14_3
09_20_16,D14_1
09_20_51,D14_1
09_20_61,D14_2
09_20_70,D14_3
09_20_81,D14_1
09_20_91,D14_1
09_20_93,D14_1
09_21_30,D14_1
09_21_34,D14_2
09_21_50,D14_2
09_21_69,D14_3
09_22_38,D14_3
09_22_39,D14_2
09_22_65,D14_1
09_22_94,D14_3
09_23_31,D14_2
09_23_32,D14_3
09_23_33,D14_2
09_23_53,D14_3
09_23_63,D14_2
09_23_73,D14_2
09_23_87,D14_3
09_24_13,D14_2
09_24_15,D14_2
09_24_16,D14_2
09_24_19,D14_1
09_24_21,D14_1
09_24_27,D14_2
09_24_33,D14_3
09_24_34,D14_2
09_24_40,D14_1
09_24_47,D14_1
09_24_53,D14_1
09_24_54,D14_2
09_24_55,D14_1
09_24_56,D14_3
09_24_64,D14_1
09_24_73,D14_3
09_24_78,D14_2
09_24_86,D14_2
09_24_89,D14_2
09_25_14,D14_1
09_25_56,D14_2
09_25_82,D14_1
09_25_89,D14_2
09_25_91,D14_2
09_25_93,D14_3
09_26_02,D14_1
09_26_03,D14_2
09_26_13,D14_1
09_26_17,D14_1
09_26_24,D14_3
09_26_28,D14_1
09_26_29,D14_3
09_26_31,D14_1
09_26_55,D14_2
09_26_58,D14_2
09_26_59,D14_3
09_27_38,D14_1
09_27_48,D14_1
09_27_57,D14_1
09_27_58,D14_1
09_27_63,D14_1
09_27_74,D14_2
09_27_78,D14_2
09_27_88,D14_2
09_27_96,D14_1
09_28_32,D14_1
09_28_43,D14_1
09_28_45,D14_3
09_28_64,D14_1
09_28_67,D14_3
09_28_70,D14_3
09_28_72,D14_1
09_28_86,D14_1
09_28_91,D14_2
09_28_94,D14_1
09_29_03,D14_3
09_29_08,D14_3
09_29_26,D14_3
09_29_32,D14_1
09_29_43,D14_2
09_29_63,D14_3
09_29_65,D14_2
09_29_67,D14_2
09_30_44,D14_3
09_30_46,D14_3
09_31_08,D14_3
09_31_21,D14_3
09_31_24,D14_2
09_31_34,D14_1
09_31_38,D14_1
09_31_44,D14_2
09_32_17,D14_2
09_32_44,D14_2
09_32_60,D14_2
09_32_64,D14_1
09_32_82,D14_3
09_32_83,D14_2
09_33_22,D14_1
09_33_45,D14_3
09_33_79,D14_1
09_33_91,D14_2
09_33_96,D14_1
09_34_07,D14_2
09_34_14,D14_1
09_34_20,D14_3
09_34_21,D14_1
09_34_24,D14_2
09_34_32,D14_3
09_34_58,D14_2
09_34_67,D14_3
09_34_92,D14_3
09_35_02,D14_1
09_35_10,D14_1
09_35_14,D14_2
09_35_42,D14_1
09_35_45,D14_1
09_35_91,D14_1
09_36_09,D14_1
09_36_15,D14_2
09_36_25,D14_1
09_36_32,D14_2
09_36_34,D14_2
09_36_41,D14_3
09_36_56,D14_3
09_36_72,D14_2
09_36_91,D14_2
09_37_53,D14_2
09_37_62,D14_1
09_37_63,D14_3
09_37_75,D14_3
09_37_79,D14_3
09_37_84,D14_2
09_37_88,D14_2
09_38_22,D14_1
09_38_28,D14_2
09_38_40,D14_3
09_38_47,D14_2
09_38_55,D14_2
09_39_13,D14_2
09_39_27,D14_1
09_39_32,D14_1
09_39_33,D14_1
09_39_89,D14_1
09_40_07,D14_2
09_40_09,D14_3
09_40_12,D14_1
09_40_38,D14_3
09_40_53,D14_1
09_40_59,D14_2
09_40_62,D14_2
09_40_86,D14_1
09_41_08,D14_2
09_41_16,D14_1
09_41_26,D14_1
09_41_38,D14_3
09_41_44,D14_1
09_41_61,D14_2
09_41_96,D14_2
09_42_24,D14_3
09_42_34,D14_3
09_42_35,D14_2
09_42_68,D14_1
09_42_70,D14_3
09_42_85,D14_2
09_43_03,D14_2
09_43_65,D14_2
09_43_82,D14_3
09_43_91,D14_2
09_44_03,D14_2
09_44_37,D14_2
09_44_66,D14_2
09_44_78,D14_3
09_44_87,D14_2
09_45_09,D14_1
09_45_23,D14_3
09_45_26,D14_2
09_45_70,D14_1
09_45_71,D14_2
09_45_74,D14_3
09_46_17,D14_2
09_46_35,D14_2
09_46_53,D14_1
09_46_61,D14_1
09_46_72,D14_2
09_46_73,D14_1
09_46_94,D14_2
09_46_96,D14_2
09_47_04,D14_2
09_47_05,D14_2
09_47_37,D14_2
09_47_41,D14_3
09_47_64,D14_2
09_47_68,D14_2
09_48_12,D14_2
09_48_20,D14_2
09_48_48,D14_1
09_49_17,D14_3
09_49_55,D14_2
09_49_57,D14_2
09_49_64,D14_1
09_50_11,D14_1
09_50_23,D14_1
09_50_29,D14_3
09_50_49,D14_1
09_50_64,D14_1
09_50_74,D14_1
09_51_26,D14_3
09_51_55,D14_3
09_51_56,D14_1
09_51_62,D14_3
09_51_71,D14_3
09_51_90,D14_2
09_52_02,D14_2
09_52_10,D14_3
09_52_26,D14_2
09_52_48,D14_3
09_52_63,D14_2
09_53_16,D14_1
09_53_38,D14_3
09_53_48,D14_2
09_53_73,D14_3
09_53_88,D14_3
09_54_14,D14_1
09_54_32,D14_1
09_54_34,D14_1
09_54_51,D14_1
09_54_77,D14_1
09_54_88,D14_2
09_55_25,D14_2
09_55_38,D14_1
09_55_47,D14_3
09_55_64,D14_3
09_55_79,D14_2
09_56_02,D14_1
09_56_04,D14_3
09_56_05,D14_2
09_56_14,D14_2
09_56_36,D14_2
09_56_58,D14_2
09_56_66,D14_1
09_56_67,D14_2
09_57_05,D14_3
09_57_08,D14_2
09_57_14,D14_1
09_57_20,D14_2
09_57_27,D14_2
09_57_62,D14_2
09_57_75,D14_3
09_57_77,D14_3
09_58_19,D14_3
09_58_57,D14_3
09_58_65,D14_1
09_58_70,D14_1
09_58_82,D14_3
09_58_91,D14_1
09_59_05,D14_3
09_59_51,D14_2
09_59_74,D14_3
09_59_91,D14_2
09_59_93,D14_2
09_60_11,D14_3
09_60_15,D14_2
09_60_32,D14_1
09_60_47,D14_2
09_60_50,D14_2
09_60_52,D14_1
09_60_68,D14_2
09_60_69,D14_1
09_60_78,D14_1
09_61_20,D14_2
09_61_54,D14_1
09_61_55,D14_1
09_61_78,D14_3
09_61_93,D14_2
09_62_06,D14_1
09_62_15,D14_3
09_62_17,D14_2
09_62_33,D14_1
09_62_35,D14_1
09_62_66,D14_1
09_62_68,D14_3
09_62_71,D14_3
09_62_76,D14_2
09_62_79,D14_1
09_63_03,D14_1
09_63_12,D14_2
09_63_28,D14_1
09_63_41,D14_3
09_63_47,D14_2
09_63_78,D14_3
09_63_94,D14_1
09_64_05,D14_2
09_64_35,D14_3
09_64_43,D14_3
09_64_54,D14_3
09_65_30,D14_3
09_65_31,D14_3
09_65_40,D14_1
09_65_84,D14_1
09_66_49,D14_1
09_66_79,D14_1
09_67_09,D14_1
09_67_14,D14_1
09_67_15,D14_1
09_67_53,D14_1
09_67_71,D14_3
09_67_73,D14_1
09_67_76,D14_1
09_67_78,D14_1
09_68_01,D14_1
09_68_16,D14_1
09_68_20,D14_3
09_68_65,D14_3
09_68_74,D14_2
09_68_77,D14_1
09_68_84,D14_2
09_68_86,D14_2
09_69_01,D14_3
09_69_34,D14_3
09_69_44,D14_3
09_69_52,D14_1
09_69_62,D14_3
09_69_70,D14_3
09_69_87,D14_2
09_69_96,D14_2
09_70_22,D14_1
09_70_23,D14_2
09_70_46,D14_1
09_70_66,D14_3
09_70_80,D14_2
09_70_90,D14_3
09_71_22,D14_2
09_71_37,D14_1
09_71_52,D14_2
09_71_82,D14_1
09_71_90,D14_1
09_72_08,D14_1
09_72_09,D14_2
09_72_34,D14_2
09_72_59,D14_2
09_72_68,D14_2
09_72_77,D14_2
09_73_08,D14_2
09_73_20,D14_2
09_73_23,D14_1
09_73_29,D14_2
09_73_51,D14_2
09_73_61,D14_2
09_73_70,D14_3
09_74_07,D14_2
09_74_22,D14_1
09_74_23,D14_1
09_74_34,D14_3
09_74_63,D14_1
09_74_70,D14_2
09_74_87,D14_3
09_74_88,D14_2
09_75_15,D14_2
09_75_18,D14_2
09_75_55,D14_3
09_75_60,D14_1
09_75_61,D14_3
09_75_64,D14_2
09_75_68,D14_2
09_75_72,D14_3
09_75_73,D14_2
09_75_80,D14_1
09_76_16,D14_3
09_76_19,D14_1
09_76_28,D14_2
09_76_30,D14_1
09_76_61,D14_3
09_76_80,D14_1
09_77_16,D14_1
09_77_26,D14_3
09_77_36,D14_3
09_77_68,D14_2
09_78_10,D14_2
09_78_21,D14_1
09_78_47,D14_3
09_78_48,D14_1
09_78_49,D14_2
09_78_70,D14_3
09_78_74,D14_1
09_78_76,D14_2
09_79_09,D14_3
09_79_11,D14_1
09_79_17,D14_2
09_79_19,D14_1
09_79_22,D14_1
09_79_40,D14_3
09_79_47,D14_1
09_79_52,D14_2
09_79_60,D14_1
09_79_88,D14_2
09_80_03,D14_2
09_80_13,D14_3
09_80_24,D14_2
09_80_26,D14_2
09_80_28,D14_2
09_80_58,D14_1
09_80_81,D14_2
09_80_86,D14_1
09_80_96,D14_2
09_81_03,D14_2
09_81_17,D14_1
09_81_34,D14_1
09_81_37,D14_1
09_81_52,D14_1
09_81_59,D14_2
09_81_62,D14_2
09_81_68,D14_2
09_81_70,D14_2
09_81_80,D14_1
09_82_16,D14_2
09_82_23,D14_2
09_82_38,D14_3
09_82_41,D14_3
09_82_67,D14_1
09_82_80,D14_2
09_82_96,D14_1
09_83_37,D14_2
09_83_77,D14_2
09_83_90,D14_1
09_84_41,D14_1
09_85_11,D14_2
09_85_22,D14_3
09_85_23,D14_1
09_85_33,D14_2
09_85_37,D14_1
09_85_57,D14_1
09_85_86,D14_3
09_85_95,D14_2
09_86_18,D14_1
09_86_27,D14_1
09_86_43,D14_2
09_86_48,D14_2
09_86_49,D14_3
09_86_59,D14_2
09_86_86,D14_2
09_86_94,D14_2
09_87_05,D14_1
09_87_26,D14_1
09_87_31,D14_3
09_87_38,D14_3
09_87_50,D14_3
09_87_74,D14_2
09_87_93,D14_3
09_88_12,D14_1
09_88_22,D14_3
09_88_25,D14_2
09_88_39,D14_2
09_88_44,D14_1
09_88_61,D14_2
09_88_86,D14_2
09_88_89,D14_2
09_88_94,D14_1
09_89_02,D14_3
09_89_24,D14_1
09_89_55,D14_1
09_89_66,D14_3
09_90_18,D14_3
09_90_28,D14_2
09_90_46,D14_1
09_90_49,D14_3
09_90_65,D14_3
09_90_66,D14_1
09_90_83,D14_1
09_91_22,D14_2
09_91_52,D14_3
09_92_14,D14_1
09_92_16,D14_1
09_92_26,D14_1
09_92_44,D14_3
09_92_57,D14_2
09_92_67,D14_1
09_92_72,D14_2
09_92_82,D14_1
09_92_89,D14_3
09_93_04,D14_2
09_93_29,D14_1
09_93_79,D14_2
09_93_80,D14_2
09_93_95,D14_2
09_94_26,D14_1
09_94_54,D14_1
09_94_85,D14_3
09_95_02,D14_3
09_95_35,D14_3
09_95_37,D14_2
09_95_55,D14_2
09_95_85,D14_3
10_01_37,D21_1
10_01_41,D21_1
10_01_56,D21_2
10_01_74,D21_3
10_02_44,D21_1
10_02_96,D21_3
10_03_09,D21_4
10_03_10,D21_3
10_03_22,D21_2
10_03_53,D21_2
10_03_79,D21_1
10_04_09,D21_2
10_04_14,D21_1
10_04_43,D21_3
10_04_55,D21_1
10_04_70,D21_1
10_04_74,D21_3
10_05_30,D21_1
10_05_40,D21_1
10_06_06,D21_1
10_06_67,D21_1
10_07_20,D21_1
10_07_21,D21_1
10_07_36,D21_2
10_07_39,D21_1
10_07_60,D21_1
10_07_72,D21_1
10_07_73,D21_1
10_07_86,D21_2
10_07_89,D21_1
10_08_02,D21_2
10_08_30,D21_4
10_08_41,D21_1
10_08_51,D21_1
10_09_04,D21_2
10_09_15,D21_1
10_09_19,D21_3
10_09_46,D21_1
10_09_61,D21_1
10_10_84,D21_2
10_11_45,D21_2
10_11_59,D21_2
10_12_34,D21_2
10_12_46,D21_1
10_12_66,D21_1
10_12_67,D21_2
10_13_10,D21_2
10_13_16,D21_2
10_13_38,D21_1
10_13_41,D21_2
10_13_87,D21_1
10_14_08,D21_2
10_14_17,D21_1
10_14_36,D21_1
10_14_63,D21_1
10_14_65,D21_2
10_14_68,D21_4
10_15_53,D21_1
10_15_66,D21_2
10_15_74,D21_1
10_16_68,D21_2
10_16_77,D21_2
10_16_79,D21_1
10_16_80,D21_2
10_16_88,D21_1
10_17_50,D21_4
10_17_58,D21_1
10_18_51,D21_1
10_19_01,D21_2
10_19_30,D21_2
10_19_40,D21_1
10_19_76,D21_1
10_19_81,D21_2
10_20_03,D21_1
10_20_31,D21_1
10_20_52,D21_1
10_20_78,D21_3
10_21_65,D21_2
10_21_70,D21_2
10_21_79,D21_1
10_21_95,D21_1
10_21_96,D21_1
10_22_01,D21_4
10_22_25,D21_4
10_22_82,D21_1
10_23_01,D21_1
10_24_05,D21_1
10_24_21,D21_4
10_24_35,D21_1
10_24_37,D21_1
10_24_46,D21_2
10_24_50,D21_1
10_24_74,D21_1
10_24_78,D21_2
10_24_86,D21_1
10_24_89,D21_1
10_25_01,D21_1
10_25_03,D21_4
10_25_06,D21_2
10_25_13,D21_4
10_25_22,D21_2
10_25_29,D21_1
10_25_45,D21_2
10_25_54,D21_2
10_26_17,D21_1
10_26_31,D21_3
10_26_34,D21_4
10_26_38,D21_1
10_26_50,D21_2
10_26_65,D21_2
10_26_76,D21_1
10_26_90,D21_2
10_27_03,D21_3
10_27_78,D21_2
10_28_20,D21_1
10_28_21,D21_2
10_28_26,D21_3
10_28_53,D21_1
10_28_63,D21_2
10_28_74,D21_4
10_28_82,D21_1
10_29_17,D21_1
10_29_19,D21_2
10_29_20,D21_1
10_29_23,D21_3
10_29_27,D21_2
10_29_32,D21_2
10_29_34,D21_1
10_29_37,D21_1
10_29_42,D21_1
10_29_57,D21_4
10_30_07,D21_2
10_30_40,D21_2
10_30_87,D21_4
10_31_26,D21_1
10_31_29,D21_3
10_31_32,D21_3
10_31_37,D21_2
10_31_48,D21_2
10_31_88,D21_1
10_32_23,D21_1
10_32_25,D21_1
10_32_56,D21_2
10_32_67,D21_2
10_32_76,D21_1
10_32_82,D21_3
10_32_88,D21_1
10_32_89,D21_1
10_33_27,D21_1
10_33_56,D21_1
10_33_73,D21_3
10_33_79,D21_2
10_33_85,D21_1
10_33_93,D21_2
10_34_28,D21_2
10_34_67,D21_1
10_34_78,D21_2
10_35_12,D21_1
10_35_27,D21_3
10_35_45,D21_1
10_35_60,D21_2
10_35_73,D21_1
10_36_37,D21_4
10_36_48,D21_2
10_36_61,D21_1
10_36_85,D21_2
10_36_89,D21_2
10_37_18,D21_1
10_37_28,D21_1
10_37_37,D21_4
10_37_59,D21_1
10_37_64,D21_1
10_37_67,D21_2
10_37_92,D21_1
10_38_14,D21_4
10_38_44,D21_4
10_39_55,D21_1
10_39_59,D21_3
10_39_71,D21_1
10_40_40,D21_1
10_40_51,D21_2
10_40_67,D21_1
10_40_69,D21_2
10_41_03,D21_2
10_41_17,D21_2
10_41_21,D21_1
10_41_22,D21_1
10_41_35,D21_3
10_41_75,D21_2
10_41_79,D21_1
10_41_95,D21_1
10_42_20,D21_1
10_42_22,D21_1
10_42_33,D21_2
10_42_74,D21_1
10_42_85,D21_1
10_43_02,D21_1
10_43_36,D21_1
10_43_41,D21_1
10_43_51,D21_3
10_43_52,D21_1
10_43_58,D21_2
10_43_59,D21_1
10_43_63,D21_1
10_43_78,D21_3
10_43_84,D21_1
10_44_34,D21_4
10_44_39,D21_1
10_44_49,D21_3
10_44_50,D21_4
10_45_25,D21_3
10_45_50,D21_1
10_45_57,D21_1
10_45_63,D21_2
10_45_70,D21_2
10_46_33,D21_2
10_46_36,D21_2
10_47_22,D21_3
10_47_43,D21_1
10_47_70,D21_2
10_47_90,D21_1
10_49_10,D21_1
10_49_19,D21_1
10_49_23,D21_2
10_49_26,D21_2
10_49_27,D21_1
10_49_34,D21_1
10_49_36,D21_2
10_49_73,D21_1
10_49_77,D21_1
10_49_89,D21_1
10_50_40,D21_1
10_50_75,D21_1
10_51_45,D21_1
10_51_48,D21_1
10_51_79,D21_2
10_51_80,D21_1
10_51_81,D21_1
10_51_85,D21_2
10_52_04,D21_1
10_52_32,D21_1
10_52_73,D21_1
10_53_02,D21_1
10_53_52,D21_1
10_53_80,D21_1
10_53_94,D21_2
10_54_28,D21_1
10_54_41,D21_3
10_54_73,D21_3
10_54_92,D21_4
10_55_55,D21_1
10_55_58,D21_1
10_55_63,D21_2
10_55_68,D21_1
10_55_80,D21_4
10_56_02,D21_1
10_56_08,D21_2
10_56_46,D21_1
10_56_49,D21_1
10_56_52,D21_1
10_56_66,D21_1
10_56_83,D21_2
10_57_05,D21_1
10_57_23,D21_1
10_57_34,D21_4
10_57_38,D21_1
10_57_44,D21_1
10_57_66,D21_1
10_57_72,D21_1
10_57_86,D21_1
10_58_08,D21_4
10_58_14,D21_1
10_58_21,D21_1
10_58_25,D21_1
10_58_67,D21_1
10_58_89,D21_2
10_59_18,D21_1
10_59_42,D21_1
10_59_51,D21_2
10_59_57,D21_1
10_59_58,D21_1
10_59_79,D21_1
10_60_22,D21_1
10_60_34,D21_1
10_60_74,D21_2
10_61_11,D21_1
10_61_24,D21_1
10_61_40,D21_2
10_61_44,D21_1
10_61_48,D21_1
10_61_84,D21_2
10_61_96,D21_4
10_62_09,D21_2
10_62_12,D21_1
10_62_49,D21_3
10_62_67,D21_1
10_63_24,D21_2
10_63_41,D21_1
10_63_50,D21_1
10_63_51,D21_1
10_63_52,D21_4
10_63_70,D21_2
10_63_75,D21_2
10_64_01,D21_2
10_64_34,D21_1
10_64_38,D21_2
10_64_40,D21_1
10_64_59,D21_4
10_64_84,D21_1
10_64_85,D21_2
10_65_15,D21_2
10_65_45,D21_1
10_65_69,D21_1
10_65_92,D21_1
10_66_64,D21_2
10_67_84,D21_3
10_68_48,D21_2
10_68_49,D21_1
10_68_50,D21_1
10_68_76,D21_4
10_68_85,D21_1
10_69_32,D21_1
10_69_36,D21_1
10_69_85,D21_1
10_69_94,D21_1
10_70_18,D21_2
10_70_53,D21_2
10_70_54,D21_2
10_70_62,D21_4
10_70_65,D21_1
10_70_69,D21_1
10_70_72,D21_1
10_71_25,D21_1
10_71_30,D21_1
10_71_35,D21_2
10_71_51,D21_2
10_71_78,D21_1
10_71_90,D21_4
10_71_91,D21_2
10_72_40,D21_3
10_72_55,D21_3
10_72_61,D21_1
10_73_35,D21_4
10_73_50,D21_1
10_73_82,D21_1
10_73_83,D21_4
10_74_18,D21_1
10_74_31,D21_2
10_74_42,D21_2
10_75_09,D21_2
10_76_22,D21_2
10_76_28,D21_1
10_76_39,D21_4
10_76_41,D21_1
10_76_47,D21_1
10_76_51,D21_1
10_77_05,D21_1
10_77_24,D21_1
10_77_47,D21_2
10_77_50,D21_2
10_77_66,D21_1
10_77_72,D21_2
10_77_75,D21_1
10_77_76,D21_3
10_78_12,D21_1
10_78_39,D21_2
10_78_51,D21_1
10_78_60,D21_4
10_78_62,D21_2
10_79_51,D21_1
10_79_57,D21_1
10_79_81,D21_2
10_80_33,D21_2
10_80_79,D21_1
10_81_34,D21_2
10_81_58,D21_2
10_81_64,D21_4
10_82_26,D21_2
10_82_28,D21_1
10_82_51,D21_1
10_83_05,D21_3
10_83_08,D21_1
10_83_17,D21_4
10_83_24,D21_1
10_83_37,D21_2
10_83_40,D21_4
10_83_43,D21_2
10_83_50,D21_2
10_83_51,D21_2
10_83_62,D21_2
10_84_14,D21_1
10_85_06,D21_2
10_85_11,D21_1
10_85_47,D21_1
10_85_66,D21_1
10_86_16,D21_1
10_86_26,D21_4
10_86_62,D21_2
10_86_75,D21_2
10_87_13,D21_2
10_87_29,D21_1
10_87_35,D21_2
10_87_37,D21_1
10_87_44,D21_2
10_87_46,D21_2
10_87_55,D21_1
10_87_61,D21_2
10_87_90,D21_2
10_88_01,D21_1
10_88_89,D21_2
10_89_24,D21_2
10_89_48,D21_1
10_89_78,D21_1
10_89_90,D21_1
10_90_36,D21_2
10_90_39,D21_1
10_90_44,D21_2
10_90_73,D21_2
10_90_77,D21_1
10_90_87,D21_4
10_91_03,D21_4
10_91_17,D21_2
10_91_25,D21_1
10_91_54,D21_1
10_91_65,D21_1
10_91_77,D21_1
10_92_04,D21_1
10_92_28,D21_2
10_92_35,D21_2
10_92_37,D21_2
10_92_55,D21_1
10_92_91,D21_4
10_92_96,D21_1
10_93_27,D21_4
10_93_28,D21_1
10_94_19,D21_3
10_94_50,D21_2
10_94_94,D21_2
10_95_17,D21_2
10_96_80,D21_2
11_01_26,D21_4
11_01_40,D21_2
11_01_53,D21_1
11_01_65,D21_2
11_01_67,D21_4
11_02_20,D21_2
11_02_30,D21_1
11_02_61,D21_2
11_02_80,D21_3
11_03_15,D21_1
11_03_21,D21_1
11_03_64,D21_1
11_04_34,D21_2
11_04_59,D21_2
11_04_65,D21_1
11_04_73,D21_1
11_05_26,D21_1
11_05_27,D21_1
11_05_49,D21_1
11_05_52,D21_1
11_05_61,D21_2
11_05_69,D21_1
11_05_77,D21_1
11_05_90,D21_1
11_06_03,D21_2
11_06_19,D21_2
11_06_25,D21_2
11_06_42,D21_1
11_06_82,D21_1
11_07_60,D21_4
11_07_62,D21_1
11_07_73,D21_1
11_07_93,D21_2
11_08_17,D21_1
11_08_22,D21_1
11_08_37,D21_4
11_08_60,D21_3
11_08_63,D21_2
11_08_66,D21_1
11_08_93,D21_3
11_09_41,D21_2
11_09_48,D21_1
11_10_11,D21_2
11_10_63,D21_1
11_10_67,D21_1
11_10_70,D21_1
11_10_77,D21_1
11_10_88,D21_1
11_11_31,D21_1
11_11_34,D21_1
11_12_15,D21_2
11_12_22,D21_2
11_12_32,D21_2
11_12_36,D21_1
11_12_54,D21_1
11_12_56,D21_1
11_12_59,D21_2
11_12_80,D21_2
11_12_85,D21_2
11_13_23,D21_1
11_13_27,D21_3
11_13_33,D21_1
11_13_62,D21_2
11_13_85,D21_3
11_14_13,D21_1
11_14_66,D21_1
11_14_79,D21_1
11_14_84,D21_1
11_14_85,D21_1
11_15_17,D21_2
11_15_33,D21_1
11_15_35,D21_2
11_15_54,D21_2
11_15_58,D21_1
11_15_60,D21_4
11_15_71,D21_1
11_15_84,D21_1
11_15_90,D21_2
11_16_14,D21_1
11_16_26,D21_2
11_16_37,D21_1
11_16_44,D21_2
11_16_64,D21_1
11_16_90,D21_1
11_17_16,D21_2
11_17_28,D21_1
11_17_41,D21_4
11_17_55,D21_2
11_17_64,D21_1
11_17_85,D21_2
11_17_93,D21_2
11_17_94,D21_1
11_18_26,D21_3
11_18_91,D21_3
11_19_34,D21_2
11_19_41,D21_2
11_19_57,D21_1
11_19_76,D21_1
11_19_78,D21_2
11_20_02,D21_1
11_20_22,D21_1
11_20_31,D21_2
11_20_42,D21_2
11_20_62,D21_1
11_20_69,D21_3
11_20_93,D21_1
11_21_01,D21_4
11_21_35,D21_2
11_21_55,D21_1
11_21_92,D21_1
11_22_07,D21_2
11_22_36,D21_1
11_22_50,D21_2
11_22_59,D21_1
11_22_76,D21_3
11_22_87,D21_1
11_22_90,D21_1
11_23_04,D21_2
11_23_71,D21_1
11_23_82,D21_2
11_23_94,D21_2
11_24_10,D21_1
11_24_13,D21_1
11_24_34,D21_1
11_24_51,D21_2
11_24_62,D21_2
11_24_64,D21_2
11_24_69,D21_2
11_24_72,D21_2
11_24_75,D21_2
11_24_78,D21_1
11_24_85,D21_3
11_24_94,D21_1
11_25_26,D21_4
11_25_36,D21_1
11_25_37,D21_2
11_25_38,D21_1
11_25_40,D21_2
11_25_42,D21_1
11_25_44,D21_3
11_25_48,D21_4
11_25_64,D21_3
11_25_70,D21_3
11_25_84,D21_1
11_26_01,D21_1
11_26_07,D21_1
11_26_10,D21_1
11_26_34,D21_2
11_26_54,D21_2
11_26_76,D21_1
11_26_82,D21_2
11_26_92,D21_2
11_27_07,D21_1
11_27_13,D21_2
11_27_38,D21_2
11_27_61,D21_3
11_27_66,D21_1
11_27_76,D21_2
11_27_77,D21_1
11_27_82,D21_1
11_27_92,D21_1
11_28_25,D21_3
11_28_48,D21_1
11_28_49,D21_3
11_28_62,D21_1
11_28_94,D21_1
11_29_03,D21_2
11_29_15,D21_1
11_29_25,D21_2
11_29_36,D21_2
11_29_47,D21_1
11_29_83,D21_1
11_29_84,D21_3
11_29_85,D21_3
11_30_06,D21_2
11_30_43,D21_1
11_30_48,D21_2
11_30_90,D21_1
11_30_94,D21_1
11_31_10,D21_1
11_31_16,D21_2
11_31_26,D21_2
11_31_29,D21_4
11_31_42,D21_2
11_31_43,D21_1
11_31_62,D21_4
11_31_66,D21_1
11_32_21,D21_2
11_32_25,D21_1
11_32_28,D21_3
11_32_44,D21_1
11_32_79,D21_2
11_33_08,D21_2
11_33_14,D21_2
11_33_51,D21_1
11_33_56,D21_2
11_33_60,D21_3
11_33_65,D21_4
11_33_70,D21_1
11_33_73,D21_2
11_33_92,D21_2
11_34_44,D21_2
11_34_73,D21_2
11_35_02,D21_2
11_35_26,D21_2
11_35_31,D21_1
11_35_38,D21_1
11_35_49,D21_1
11_35_61,D21_1
11_35_67,D21_1
11_35_68,D21_1
11_36_22,D21_2
11_36_28,D21_1
11_36_35,D21_1
11_36_43,D21_4
11_36_46,D21_2
11_36_78,D21_3
11_37_03,D21_2
11_37_09,D21_1
11_37_15,D21_2
11_37_16,D21_4
11_37_42,D21_1
11_37_43,D21_3
11_37_87,D21_2
11_38_13,D21_2
11_38_31,D21_1
11_38_60,D21_1
11_38_63,D21_4
11_38_86,D21_1
11_39_84,D21_4
11_39_87,D21_1
11_40_14,D21_2
11_40_18,D21_2
11_40_19,D21_2
11_40_50,D21_2
11_40_75,D21_2
11_40_77,D21_1
11_40_78,D21_1
11_41_49,D21_2
11_41_66,D21_1
11_41_91,D21_4
11_42_01,D21_2
11_42_06,D21_3
11_42_07,D21_1
11_42_39,D21_1
11_42_42,D21_2
11_42_75,D21_1
11_43_19,D21_2
11_43_22,D21_4
11_43_28,D21_2
11_43_47,D21_2
11_43_55,D21_1
11_43_87,D21_1
11_44_10,D21_4
11_44_12,D21_1
11_44_18,D21_1
11_44_33,D21_3
11_44_47,D21_4
11_44_54,D21_3
11_44_93,D21_2
11_45_12,D21_4
11_45_54,D21_2
11_45_59,D21_1
11_46_20,D21_2
11_46_26,D21_1
11_46_60,D21_1
11_46_73,D21_2
11_46_79,D21_1
11_47_25,D21_1
11_47_38,D21_3
11_47_77,D21_1
11_47_80,D21_1
11_47_88,D21_3
11_48_06,D21_1
11_48_07,D21_2
11_48_69,D21_1
11_49_16,D21_2
11_49_60,D21_1
11_49_85,D21_3
11_50_11,D21_2
11_50_24,D21_2
11_50_25,D21_1
11_50_31,D21_1
11_50_54,D21_1
11_50_82,D21_1
11_50_88,D21_1
11_50_89,D21_1
11_51_04,D21_2
11_51_32,D21_1
11_51_62,D21_2
11_51_72,D21_1
11_51_93,D21_2
11_52_04,D21_2
11_52_63,D21_1
11_52_72,D21_1
11_53_04,D21_2
11_53_59,D21_1
11_53_85,D21_1
11_53_91,D21_2
11_54_23,D21_1
11_54_66,D21_2
11_55_04,D21_1
11_55_24,D21_1
11_55_34,D21_1
11_55_39,D21_1
11_55_53,D21_1
11_55_66,D21_1
11_56_06,D21_3
11_56_17,D21_2
11_56_26,D21_1
11_57_02,D21_1
11_57_07,D21_1
11_57_18,D21_1
11_57_38,D21_1
11_57_70,D21_2
11_58_27,D21_4
11_58_32,D21_3
11_58_44,D21_1
11_59_29,D21_2
11_59_39,D21_2
11_59_47,D21_3
11_59_63,D21_2
11_59_76,D21_2
11_61_07,D21_1
11_61_29,D21_2
11_61_41,D21_1
11_61_73,D21_2
11_61_75,D21_1
11_62_11,D21_1
11_62_22,D21_2
11_62_67,D21_1
11_62_70,D21_1
11_62_76,D21_1
11_63_92,D21_2
11_64_07,D21_1
11_64_33,D21_2
11_64_37,D21_4
11_64_39,D21_1
11_64_46,D21_1
11_64_56,D21_2
11_64_78,D21_2
11_65_11,D21_3
11_65_14,D21_1
11_65_19,D21_4
11_65_34,D21_1
11_65_40,D21_2
11_65_65,D21_2
11_65_85,D21_2
11_66_34,D21_2
11_66_37,D21_1
11_66_57,D21_1
11_66_62,D21_2
11_66_75,D21_2
11_66_93,D21_2
11_67_61,D21_1
11_67_70,D21_1
11_67_74,D21_2
11_69_01,D21_2
11_69_09,D21_2
11_69_15,D21_2
11_69_20,D21_2
11_69_27,D21_1
11_69_41,D21_1
11_69_58,D21_1
11_70_01,D21_1
11_70_04,D21_1
11_70_17,D21_1
11_70_22,D21_1
11_70_25,D21_1
11_70_44,D21_1
11_70_64,D21_4
11_70_95,D21_1
11_71_01,D21_3
11_71_13,D21_4
11_71_16,D21_2
11_71_34,D21_2
11_71_41,D21_4
11_71_49,D21_2
11_71_62,D21_2
11_71_71,D21_1
11_71_76,D21_2
11_71_90,D21_1
11_71_96,D21_1
11_72_13,D21_1
11_73_16,D21_4
11_73_78,D21_2
11_74_13,D21_2
11_74_58,D21_2
11_74_59,D21_3
11_74_77,D21_1
11_75_40,D21_1
11_76_21,D21_1
11_76_26,D21_2
11_76_60,D21_1
11_76_94,D21_1
11_77_28,D21_2
11_77_67,D21_1
11_78_03,D21_2
11_78_26,D21_1
11_78_33,D21_2
11_78_72,D21_4
11_79_08,D21_2
11_79_11,D21_1
11_79_52,D21_1
11_79_63,D21_1
11_79_76,D21_1
11_79_95,D21_1
11_80_10,D21_1
11_80_13,D21_2
11_80_49,D21_1
11_80_66,D21_3
11_80_73,D21_4
11_80_78,D21_1
11_80_82,D21_1
11_81_15,D21_1
11_81_31,D21_2
11_81_37,D21_4
11_81_53,D21_1
11_81_60,D21_4
11_82_09,D21_1
11_82_11,D21_1
11_82_32,D21_2
11_82_51,D21_1
11_82_58,D21_1
11_82_81,D21_1
11_82_86,D21_2
11_83_19,D21_2
11_83_35,D21_2
11_85_11,D21_1
11_85_56,D21_1
11_85_63,D21_1
11_86_14,D21_2
11_86_22,D21_1
11_86_74,D21_2
11_86_81,D21_2
11_86_86,D21_2
11_87_03,D21_1
11_87_12,D21_3
11_87_39,D21_1
11_87_48,D21_2
11_87_64,D21_2
11_87_79,D21_1
11_87_89,D21_1
11_88_06,D21_1
11_88_18,D21_1
11_88_42,D21_3
11_88_44,D21_1
11_88_57,D21_2
11_88_73,D21_1
11_89_88,D21_4
11_90_11,D21_1
11_90_37,D21_2
11_90_41,D21_2
11_90_50,D21_2
11_90_58,D21_1
11_90_75,D21_2
11_90_81,D21_2
11_90_91,D21_2
11_91_16,D21_3
11_91_35,D21_2
11_91_44,D21_2
11_91_53,D21_4
11_91_60,D21_1
11_91_85,D21_3
11_92_08,D21_1
11_92_37,D21_3
11_92_55,D21_2
11_92_57,D21_2
11_92_64,D21_1
11_92_66,D21_3
11_92_75,D21_1
11_93_07,D21_1
11_93_14,D21_3
11_93_16,D21_2
11_93_28,D21_4
11_93_45,D21_1
11_93_57,D21_1
11_93_87,D21_2
11_94_15,D21_1
11_94_19,D21_1
11_94_35,D21_1
11_94_49,D21_2
11_94_79,D21_4
11_95_18,D21_2
11_95_49,D21_1
11_95_73,D21_1
12_01_05,D21_1
12_01_12,D21_1
12_01_15,D21_4
12_01_55,D21_2
12_02_13,D21_1
12_02_44,D21_1
12_02_49,D21_1
12_02_65,D21_2
12_02_76,D21_2
12_02_85,D21_1
12_02_96,D21_3
12_03_10,D21_4
12_03_37,D21_3
12_03_73,D21_1
12_03_76,D21_3
12_04_34,D21_1
12_04_46,D21_2
12_04_74,D21_1
12_05_07,D21_1
12_05_12,D21_2
12_05_21,D21_1
12_05_30,D21_1
12_05_65,D21_1
12_05_67,D21_1
12_06_10,D21_2
12_06_11,D21_2
12_07_36,D21_1
12_07_37,D21_1
12_07_44,D21_2
12_07_56,D21_1
12_07_60,D21_2
12_07_81,D21_2
12_07_84,D21_2
12_08_04,D21_1
12_08_41,D21_1
12_08_49,D21_2
12_08_70,D21_1
12_09_06,D21_2
12_09_12,D21_1
12_09_30,D21_2
12_09_62,D21_2
12_09_80,D21_1
12_09_83,D21_1
12_10_78,D21_2
12_10_94,D21_1
12_11_06,D21_2
12_11_11,D21_1
12_11_60,D21_3
12_11_64,D21_2
12_11_81,D21_3
12_12_52,D21_2
12_12_65,D21_3
12_12_88,D21_2
12_13_39,D21_2
12_13_52,D21_1
12_13_70,D21_1
12_13_77,D21_4
12_14_29,D21_1
12_14_38,D21_1
12_14_72,D21_2
12_15_29,D21_2
12_16_17,D21_3
12_16_23,D21_3
12_16_53,D21_1
12_16_74,D21_1
12_16_82,D21_2
12_16_91,D21_1
12_17_08,D21_2
12_17_11,D21_2
12_17_36,D21_2
12_17_41,D21_2
12_18_02,D21_2
12_18_23,D21_2
12_18_41,D21_4
12_18_79,D21_3
12_18_87,D21_3
12_19_17,D21_2
12_19_33,D21_4
12_19_48,D21_4
12_19_80,D21_1
12_19_83,D21_1
12_19_89,D21_1
12_20_15,D21_2
12_20_46,D21_1
12_20_49,D21_2
12_20_65,D21_1
12_21_13,D21_2
12_21_26,D21_1
12_21_34,D21_2
12_21_52,D21_1
12_21_78,D21_4
12_22_43,D21_2
12_22_51,D21_1
12_22_77,D21_1
12_24_06,D21_1
12_24_41,D21_1
12_24_54,D21_1
12_24_59,D21_2
12_24_68,D21_1
12_24_81,D21_1
12_24_83,D21_1
12_24_85,D21_1
12_25_05,D21_1
12_25_15,D21_1
12_25_17,D21_1
12_25_41,D21_3
12_25_64,D21_2
12_26_10,D21_3
12_26_58,D21_1
12_26_67,D21_1
12_26_85,D21_1
12_27_18,D21_1
12_27_23,D21_1
12_27_27,D21_2
12_27_44,D21_1
12_27_47,D21_1
12_27_57,D21_4
12_27_81,D21_1
12_27_93,D21_2
12_28_06,D21_1
12_28_42,D21_2
12_28_63,D21_2
12_28_65,D21_1
12_28_74,D21_2
12_28_81,D21_1
12_29_21,D21_2
12_29_91,D21_2
12_30_65,D21_2
12_31_13,D21_1
12_31_18,D21_1
12_31_42,D21_3
12_31_59,D21_2
12_32_23,D21_1
12_32_30,D21_1
12_32_43,D21_1
12_32_45,D21_2
12_32_53,D21_1
12_32_86,D21_1
12_33_20,D21_4
12_33_42,D21_1
12_33_73,D21_1
12_33_77,D21_2
12_33_78,D21_1
12_34_43,D21_3
12_35_07,D21_1
12_35_64,D21_1
12_35_76,D21_1
12_35_78,D21_2
12_35_80,D21_2
12_35_94,D21_1
12_36_26,D21_2
12_36_30,D21_1
12_36_61,D21_1
12_37_39,D21_3
12_37_57,D21_2
12_37_61,D21_4
12_37_62,D21_1
12_37_86,D21_2
12_38_02,D21_4
12_38_19,D21_1
12_38_22,D21_1
12_38_24,D21_1
12_38_43,D21_1
12_38_50,D21_1
12_38_53,D21_1
12_38_66,D21_1
12_39_19,D21_1
12_39_40,D21_1
12_39_56,D21_1
12_40_68,D21_2
12_40_93,D21_3
12_41_19,D21_4
12_41_25,D21_1
12_41_49,D21_2
12_41_62,D21_1
12_42_31,D21_1
12_42_69,D21_1
12_42_87,D21_1
12_43_58,D21_2
12_43_84,D21_4
12_43_87,D21_2
12_44_33,D21_1
12_44_63,D21_2
12_44_91,D21_1
12_45_15,D21_2
12_45_50,D21_1
12_46_05,D21_1
12_46_14,D21_1
12_46_35,D21_4
12_46_46,D21_1
12_46_51,D21_2
12_47_01,D21_1
12_47_23,D21_1
12_47_31,D21_1
12_47_44,D21_2
12_47_48,D21_1
12_47_52,D21_2
12_47_84,D21_2
12_47_85,D21_2
12_47_92,D21_2
12_48_03,D21_2
12_48_11,D21_3
12_48_48,D21_1
12_48_53,D21_4
12_48_66,D21_1
12_48_93,D21_1
12_49_03,D21_4
12_49_15,D21_3
12_49_20,D21_1
12_49_38,D21_1
12_49_48,D21_1
12_49_78,D21_2
12_49_85,D21_1
12_49_87,D21_1
12_49_96,D21_1
12_50_43,D21_2
12_50_44,D21_1
12_50_64,D21_1
12_50_68,D21_2
12_51_69,D21_2
12_52_15,D21_1
12_52_16,D21_2
12_52_28,D21_1
12_52_33,D21_3
12_52_41,D21_4
12_52_60,D21_1
12_52_67,D21_2
12_52_95,D21_2
12_53_09,D21_1
12_53_49,D21_2
12_53_64,D21_2
12_53_84,D21_1
12_53_86,D21_1
12_53_91,D21_1
12_54_03,D21_1
12_54_25,D21_2
12_54_38,D21_3
12_54_59,D21_4
12_56_04,D21_1
12_56_25,D21_2
12_57_84,D21_2
12_58_09,D21_2
12_58_20,D21_1
12_58_36,D21_2
12_58_38,D21_2
12_58_76,D21_3
12_58_92,D21_1
12_58_94,D21_1
12_59_41,D21_2
12_59_46,D21_3
12_59_51,D21_1
12_59_63,D21_4
12_59_68,D21_1
12_59_75,D21_4
12_59_76,D21_1
12_60_52,D21_1
12_60_58,D21_2
12_61_38,D21_1
12_61_59,D21_4
12_61_72,D21_1
12_61_81,D21_2
12_62_04,D21_4
12_62_06,D21_1
12_62_09,D21_1
12_62_48,D21_1
12_62_52,D21_1
12_62_55,D21_1
12_63_42,D21_2
12_63_52,D21_1
12_63_69,D21_1
12_64_41,D21_2
12_64_90,D21_1
12_65_14,D21_1
12_65_18,D21_3
12_65_27,D21_1
12_65_61,D21_4
12_66_13,D21_1
12_66_43,D21_4
12_67_02,D21_3
12_67_38,D21_3
12_67_45,D21_1
12_67_96,D21_1
12_68_04,D21_1
12_68_22,D21_2
12_68_48,D21_2
12_68_49,D21_1
12_68_61,D21_1
12_68_66,D21_2
12_68_67,D21_1
12_69_20,D21_4
12_69_21,D21_1
12_69_36,D21_3
12_69_62,D21_1
12_70_55,D21_1
12_70_64,D21_2
12_71_31,D21_2
12_71_46,D21_2
12_71_57,D21_1
12_71_64,D21_1
12_71_84,D21_1
12_71_95,D21_1
12_71_96,D21_2
12_72_48,D21_4
12_73_02,D21_1
12_73_45,D21_1
12_73_48,D21_1
12_73_72,D21_1
12_74_20,D21_1
12_74_24,D21_2
12_74_28,D21_1
12_74_40,D21_2
12_74_43,D21_1
12_74_55,D21_2
12_74_63,D21_1
12_74_69,D21_1
12_75_04,D21_4
12_75_24,D21_1
12_75_26,D21_1
12_75_34,D21_2
12_75_64,D21_2
12_75_77,D21_2
12_75_92,D21_2
12_76_36,D21_1
12_76_77,D21_3
12_76_94,D21_1
12_77_08,D21_1
12_77_15,D21_1
12_77_21,D21_1
12_77_37,D21_2
12_78_08,D21_2
12_78_37,D21_1
12_78_54,D21_2
12_78_72,D21_2
12_78_82,D21_1
12_78_91,D21_2
12_79_22,D21_1
12_79_50,D21_1
12_79_52,D21_2
12_80_13,D21_1
12_80_25,D21_1
12_80_27,D21_1
12_80_36,D21_3
12_80_38,D21_2
12_80_50,D21_2
12_80_75,D21_1
12_80_78,D21_1
12_81_07,D21_1
12_81_47,D21_1
12_81_61,D21_1
12_81_64,D21_2
12_81_66,D21_1
12_81_75,D21_1
12_82_14,D21_3
12_82_36,D21_2
12_82_51,D21_1
12_82_72,D21_1
12_83_09,D21_2
12_83_57,D21_1
12_83_66,D21_4
12_84_08,D21_1
12_85_53,D21_1
12_86_09,D21_1
12_86_61,D21_2
12_86_78,D21_4
12_87_62,D21_1
12_87_69,D21_2
12_87_79,D21_2
12_88_17,D21_2
12_88_92,D21_1
12_89_17,D21_1
12_89_29,D21_1
12_89_34,D21_1
12_89_65,D21_1
12_89_66,D21_1
12_89_74,D21_1
12_89_78,D21_1
12_89_80,D21_2
12_90_07,D21_2
12_90_16,D21_1
12_90_17,D21_1
12_90_28,D21_2
12_90_76,D21_2
12_90_87,D21_1
12_90_92,D21_3
12_91_66,D21_1
12_92_17,D21_1
12_92_20,D21_2
12_92_33,D21_2
12_92_55,D21_1
12_92_58,D21_2
12_92_72,D21_1
12_93_18,D21_1
12_93_34,D21_2
12_93_37,D21_4
12_93_76,D21_4
12_93_95,D21_1
12_94_27,D21_1
12_94_78,D21_1
12_95_10,D21_2
12_95_40,D21_1
12_95_63,D21_3
12_95_64,D21_1
12_95_65,D21_2
12_95_94,D21_2
12_95_95,D21_1
